index,name,score,dtm,text,app_name,text_length
5484,古倫維,5 顆星,2023年5月23日,方便訊速,中國信託行動銀行 Home Bank,4
9413,陳文峰,5 顆星,2024年1月23日,使用方便,富邦行動銀行,4
25830,Lupin Boris,5 顆星,2022年8月29日,方便好用,Richart,4
11586,Wang Evan,5 顆星,2023年4月6日,介面簡潔,富邦行動銀行,4
17764,葉博志,5 顆星,2021年7月15日,方便好用,永豐行動銀行,4
11449,林德祺,5 顆星,2023年5月11日,蠻好用的,富邦行動銀行,4
5135,詹鳳娥,5 顆星,2023年8月21日,Good,中國信託行動銀行 Home Bank,4
2548,王凱弘,5 顆星,2022年8月21日,good,國泰世華網路銀行CUBE,4
17078,黃秉誠,5 顆星,2023年1月8日,方便安全,永豐行動銀行,4
5834,許芳華,5 顆星,2023年2月17日,不錯使用,中國信託行動銀行 Home Bank,4
28275,KEN HSU,5 顆星,2022年8月31日,有用心👍,LINE Bank,4
4160,陳柏偉,3 顆星,2021年12月29日,˙˙˙˙,國泰世華網路銀行CUBE,4
31108,盧政陽,2 顆星,2022年6月6日,介面混亂,臺灣銀行-網路銀行隨身版,4
20180,黃阿柔柔,5 顆星,2023年6月1日,good,玉山行動銀行,4
25707,Mu Fei Hong,5 顆星,2022年11月17日,功能很多,Richart,4
6018,廖宇民,5 顆星,2023年1月1日,超級便利,中國信託行動銀行 Home Bank,4
16603,季春錢,5 顆星,2023年9月6日,方便好用,永豐行動銀行,4
30726,TOM CHO,5 顆星,2023年10月27日,非常實用,臺灣銀行-網路銀行隨身版,4
9020,林志祥,5 顆星,2022年1月9日,好用方便,中國信託行動銀行 Home Bank,4
26807,吳玟玟,5 顆星,2023年11月26日,服務不錯,新光銀行,4
12649,林家賢,5 顆星,2022年4月1日,Good,富邦行動銀行,4
9344,王彥評,5 顆星,2024年2月15日,明確快速,富邦行動銀行,4
10892,雨晴,2 顆星,2023年7月14日,速度很慢,富邦行動銀行,4
8494,歐育智,5 顆星,2022年3月12日,讚→♾️,中國信託行動銀行 Home Bank,4
9222,jason19870304,5 顆星,2024年3月31日,良好使用,富邦行動銀行,4
784,Chun Hsien Teng,5 顆星,2023年9月5日,非常方便,國泰世華網路銀行CUBE,4
20145,Gavin Kuo,5 顆星,2023年6月3日,方便好用,玉山行動銀行,4
17161,david lo,5 顆星,2023年1月3日,方便快速,永豐行動銀行,4
16814,yilin lai,5 顆星,2023年5月23日,靈活方便,永豐行動銀行,4
11705,八卦利,4 顆星,2023年2月20日,很有效應,富邦行動銀行,4
29081,盧秀莉,5 顆星,2022年5月25日,非常滿意,DBS digibank TW 星展行動銀行,4
13727,陳瑞娥,5 顆星,2022年1月12日,使用方便,兆豐銀行,4
5593,劉金山（劉爸）,5 顆星,2023年4月22日,簡單明瞭,中國信託行動銀行 Home Bank,4
2942,林能宏,5 顆星,2022年6月17日,讚喔～👍,國泰世華網路銀行CUBE,4
19519,柯雨辰,5 顆星,2023年11月16日,good,玉山行動銀行,4
16761,丘丞剛,4 顆星,2023年6月25日,正常使用,永豐行動銀行,4
3082,郭嘉玲,5 顆星,2022年5月18日,方便實用,國泰世華網路銀行CUBE,4
1220,帥,5 顆星,2023年4月21日,方便好用,國泰世華網路銀行CUBE,4
2461,羅進財,5 顆星,2022年9月7日,使用方便,國泰世華網路銀行CUBE,4
16606,吳惠伶,5 顆星,2023年9月5日,非常方便,永豐行動銀行,4
28499,林媺蕙,5 顆星,2022年4月1日,讚讚讚～,LINE Bank,4
7124,陳宏傑,1 顆星,2022年6月8日,除錯在哪,中國信託行動銀行 Home Bank,4
16290,陳德財,1 顆星,2024年2月21日,..😀😀,永豐行動銀行,4
4817,Henry Wang,4 顆星,2023年11月13日,good,中國信託行動銀行 Home Bank,4
5872,趙,5 顆星,2023年2月11日,GOOD,中國信託行動銀行 Home Bank,4
9217,騰哥（二少）,5 顆星,2024年4月1日,讚，好用,富邦行動銀行,4
6814,Richard Lin,5 顆星,2022年7月27日,蠻方便的,中國信託行動銀行 Home Bank,4
30196,ABC 123,5 顆星,2023年9月28日,很好使用,樂天國際商業銀行,4
3232,吳jo,5 顆星,2022年4月16日,方面好用,國泰世華網路銀行CUBE,4
19377,John LIN,5 顆星,2024年1月4日,非常好用,玉山行動銀行,4
1411,蕭健均,5 顆星,2023年3月4日,非常實用,國泰世華網路銀行CUBE,4
12106,ROGER CHI,5 顆星,2022年8月11日,直覺好用,富邦行動銀行,4
9822,木木土申 毅,5 顆星,2023年10月2日,讚，好用,富邦行動銀行,4
12316,Alex Hu,5 顆星,2022年7月1日,操作簡便,富邦行動銀行,4
24310,媛琦,1 顆星,2022年1月9日,無法更新,台新銀行行動銀行,4
16392,cherry Chen,5 顆星,2023年12月26日,方便好用,永豐行動銀行,4
19969,Jyun 曜 Lin,4 顆星,2023年7月11日,功能尚可,玉山行動銀行,4
5164,李綿羊,5 顆星,2023年8月11日,好快到帳,中國信託行動銀行 Home Bank,4
12250,tyrone chuang,5 顆星,2022年7月11日,簡單好用,富邦行動銀行,4
6354,身材管理很重要,5 顆星,2022年10月20日,超好用。,中國信託行動銀行 Home Bank,4
4028,謝政華,5 顆星,2022年1月10日,快速好用,國泰世華網路銀行CUBE,4
16833,REI FUKUDA,4 顆星,2023年5月15日,還算方便,永豐行動銀行,4
28964,Laura Chao,1 顆星,2023年8月15日,轉換後爛,DBS digibank TW 星展行動銀行,4
19324,萬賢（萬弦）,5 顆星,2024年1月25日,快速方便,玉山行動銀行,4
13312,劉春萍,1 顆星,2023年12月15日,無法更新,兆豐銀行,4
2268,周泓冰,5 顆星,2022年10月11日,快、方便,國泰世華網路銀行CUBE,4
9584,陳永豪公務,5 顆星,2023年11月30日,方便使用,富邦行動銀行,4
4233,歐育智,5 顆星,2021年12月21日,讚→♾️,國泰世華網路銀行CUBE,4
11844,黃慈雅,5 顆星,2022年12月14日,操作簡單,富邦行動銀行,4
12933,李志華,5 顆星,2022年1月12日,方便快速,富邦行動銀行,4
9506,劉秀美,5 顆星,2023年12月20日,一目了然,富邦行動銀行,4
30603,張金山,1 顆星,2021年12月20日,後悔申請,樂天國際商業銀行,4
14982,林明賢,5 顆星,2021年12月26日,nice,元大銀行 Yuanta Commercial Bank,4
3837,林春滿,1 顆星,2022年2月3日,無法更新,國泰世華網路銀行CUBE,4
16176,布之道,5 顆星,2021年9月10日,Good,第一銀行 第e行動,4
6294,HSUEH,1 顆星,2022年11月4日,鍵盤難用,中國信託行動銀行 Home Bank,4
4410,白淑芬,5 顆星,2024年3月3日,非常好用,中國信託行動銀行 Home Bank,4
17266,賴柏仰,5 顆星,2022年8月1日,非常方便,永豐行動銀行,4
25636,Albert Liu,5 顆星,2023年1月5日,快速好用,Richart,4
24649,小右,5 顆星,2024年2月19日,正常使用,Richart,4
13060,林麗秋,4 顆星,2021年12月13日,淺顯易懂,富邦行動銀行,4
12079,anita Huang,5 顆星,2022年8月24日,介面明確,富邦行動銀行,4
3043,林洸,5 顆星,2022年5月27日,方便快速,國泰世華網路銀行CUBE,4
5373,Chihhung Lee,5 顆星,2023年6月20日,good,中國信託行動銀行 Home Bank,4
16819,周捲捲,5 顆星,2023年5月21日,方便好用,永豐行動銀行,4
31240,徐美蓮,5 顆星,2022年5月13日,方便快速,臺灣銀行-網路銀行隨身版,4
23987,bill liu,3 顆星,2022年3月16日,登不進去,台新銀行行動銀行,4
29313,一生至LOVE (小喬),5 顆星,2023年10月15日,LOVE,將來銀行 NEXT BANK,4
17039,高健仁,5 顆星,2023年2月24日,好用方便,永豐行動銀行,4
6680,謝瑋庭,5 顆星,2022年8月21日,好用方便,中國信託行動銀行 Home Bank,4
26203,李胖胖,5 顆星,2022年3月16日,非常方便,Richart,4
19279,Hwa Chaing chen,5 顆星,2024年2月6日,非常好用,玉山行動銀行,4
2434,張舜仁,5 顆星,2022年9月14日,方便好用,國泰世華網路銀行CUBE,4
27025,YU KAI LIN (工藤新一),5 顆星,2023年11月25日,Good,新光銀行,4
30096,chienwen ou,5 顆星,2024年2月18日,簡單好用,樂天國際商業銀行,4
16708,emily wu,5 顆星,2023年7月7日,使用方便,永豐行動銀行,4
26519,與豆豆花花,5 顆星,2021年11月26日,good,Richart,4
1897,謝作正,5 顆星,2022年12月7日,帖心好用,國泰世華網路銀行CUBE,4
5472,jack lin,5 顆星,2023年5月27日,方便好用,中國信託行動銀行 Home Bank,4
31323,Chimao Kung,2 顆星,2021年12月20日,無法登出,臺灣銀行-網路銀行隨身版,4
8858,KEWEI TSAI (Kw T),4 顆星,2022年1月22日,方便性高,中國信託行動銀行 Home Bank,4
2101,Alice Tseng,5 顆星,2022年11月16日,實用便利,國泰世華網路銀行CUBE,4
22534,3CK S,1 顆星,2020年10月30日,爛的可以,合作金庫銀行,4
11055,Yang Zoe,5 顆星,2023年7月14日,無法更新,富邦行動銀行,4
214,san lee,3 顆星,2024年2月7日,一直閃退,國泰世華網路銀行CUBE,4
17882,陳淑慧,2 顆星,2024年3月16日,:…:f,華南銀行+,4
20036,吳建良,5 顆星,2023年6月21日,方便好用,玉山行動銀行,4
14913,Zoe Chen,5 顆星,2022年2月23日,Good,元大銀行 Yuanta Commercial Bank,4
31248,科羅納度,5 顆星,2022年5月12日,平易近人,臺灣銀行-網路銀行隨身版,4
26287,YC Guo,5 顆星,2022年2月9日,介面不錯,Richart,4
6048,宿命,5 顆星,2022年12月26日,方便好用,中國信託行動銀行 Home Bank,4
28128,謝宇芳,5 顆星,2023年3月23日,很便利！,LINE Bank,4
810,彭自強（Bruce）,5 顆星,2023年8月24日,服務快速,國泰世華網路銀行CUBE,4
5884,-吉揚,5 顆星,2023年2月10日,方便快速,中國信託行動銀行 Home Bank,4
24204,鄭秉秉,1 顆星,2022年1月21日,無法安裝,台新銀行行動銀行,4
4138,毛子齊,5 顆星,2022年1月3日,方便快速,國泰世華網路銀行CUBE,4
10608,呂嘟嘟,1 顆星,2023年7月15日,無法打開,富邦行動銀行,4
1424,Wu 吳Alex 明華,4 顆星,2023年3月2日,良好服務,國泰世華網路銀行CUBE,4
9996,陳志禎,5 顆星,2023年8月16日,貼心好用,富邦行動銀行,4
24973,康胖,5 顆星,2023年10月16日,good,Richart,4
12836,Johnny Lin,5 顆星,2022年2月11日,轉帳省時,富邦行動銀行,4
13707,洪瑞麟,5 顆星,2022年2月13日,。。。。,兆豐銀行,4
3091,魏麗陵,5 顆星,2022年5月16日,快速方便,國泰世華網路銀行CUBE,4
5782,周慧鄉,5 顆星,2023年3月2日,快速方便,中國信託行動銀行 Home Bank,4
30587,FIVE Cheng,5 顆星,2022年1月22日,操作很順,樂天國際商業銀行,4
3769,蔡淑文,5 顆星,2022年2月15日,貼心提醒,國泰世華網路銀行CUBE,4
6913,陳金 莉,5 顆星,2022年7月6日,簡捷好用,中國信託行動銀行 Home Bank,4
14980,恩恩elly,1 顆星,2021年12月29日,無法使用,元大銀行 Yuanta Commercial Bank,4
11095,秦民,1 顆星,2023年7月14日,無法更新,富邦行動銀行,4
10288,Henry Huang,1 顆星,2023年7月15日,無法更新,富邦行動銀行,4
3503,吳俊雄,5 顆星,2022年3月18日,使用順暢,國泰世華網路銀行CUBE,4
9806,喵兀來了,5 顆星,2023年10月5日,Good,富邦行動銀行,4
14934,幼貞林,4 顆星,2022年1月27日,使用方便,元大銀行 Yuanta Commercial Bank,4
2244,Liu Jeff,5 顆星,2022年10月15日,方便好用,國泰世華網路銀行CUBE,4
28786,王凱弘,5 顆星,2024年2月23日,Good,DBS digibank TW 星展行動銀行,4
27855,李聖權,5 顆星,2024年3月23日,淺顯易懂,LINE Bank,4
8903,Terra毛毛蟲,5 顆星,2022年1月16日,good,中國信託行動銀行 Home Bank,4
3596,官志明,5 顆星,2022年3月9日,便捷迅速,國泰世華網路銀行CUBE,4
1857,一輝,1 顆星,2022年12月12日,無法更新,國泰世華網路銀行CUBE,4
7195,david chung,5 顆星,2022年5月25日,Good,中國信託行動銀行 Home Bank,4
15844,terry Huang,1 顆星,2022年1月5日,還再轉，,第一銀行 第e行動,4
19427,Leo Liao,1 顆星,2023年12月13日,有夠難用,玉山行動銀行,4
28627,黃寶光,5 顆星,2022年1月25日,轉帳方便,LINE Bank,4
12312,shun chih,5 顆星,2022年7月1日,Good,富邦行動銀行,4
19283,蔡孟勲,5 顆星,2024年2月5日,方便好用,玉山行動銀行,4
11314,賴率真,5 顆星,2023年6月25日,快速方便,富邦行動銀行,4
31010,Huang Jun,1 顆星,2022年7月28日,爛又難用,臺灣銀行-網路銀行隨身版,4
10690,楊惠堯（Abei）,1 顆星,2023年7月15日,無法更新,富邦行動銀行,4
30210,車世銘,5 顆星,2023年8月21日,簡易方便,樂天國際商業銀行,4
2615,柯月卿,5 顆星,2022年8月8日,好棒喔！,國泰世華網路銀行CUBE,4
16878,陳jason,5 顆星,2023年4月28日,good,永豐行動銀行,4
1356,張慎慎,5 顆星,2023年3月20日,很不好用,國泰世華網路銀行CUBE,4
1777,許瓊文,5 顆星,2022年12月26日,方便快速,國泰世華網路銀行CUBE,4
4938,ㄚ寶,5 顆星,2023年10月17日,使用方便,中國信託行動銀行 Home Bank,4
19671,黃忠永,5 顆星,2023年10月13日,方便好用,玉山行動銀行,4
18946,朱俊彥,5 顆星,2022年8月24日,非常實用,華南銀行+,4
16306,康錢德,5 顆星,2024年2月13日,good,永豐行動銀行,4
2914,趙大咕,5 顆星,2022年6月22日,換匯快速,國泰世華網路銀行CUBE,4
2845,Hon Kinq,2 顆星,2022年7月6日,歐傲天空,國泰世華網路銀行CUBE,4
4790,金揚台,4 顆星,2023年11月18日,尚無問題,中國信託行動銀行 Home Bank,4
1147,00steven chen12,5 顆星,2023年5月13日,好用方便,國泰世華網路銀行CUBE,4
3150,吳柏儀,5 顆星,2022年5月2日,Good,國泰世華網路銀行CUBE,4
16291,陳建志,5 顆星,2024年2月21日,方便好用,永豐行動銀行,4
5936,ヤンMATT,5 顆星,2023年1月25日,蠻好用的,中國信託行動銀行 Home Bank,4
11243,邱敏惠,4 顆星,2023年7月11日,操作容易,富邦行動銀行,4
19863,蔡敬賢,4 顆星,2023年8月9日,一直閃退,玉山行動銀行,4
22896,曾雨涵,5 顆星,2022年11月26日,方便方便,凱基銀行,4
4193,Mark,5 顆星,2021年12月26日,簡單好用,國泰世華網路銀行CUBE,4
5066,東日月,5 顆星,2023年9月6日,讚，方便,中國信託行動銀行 Home Bank,4
12366,Big mac,1 顆星,2022年6月13日,難用死了,富邦行動銀行,4
10487,小菁,1 顆星,2023年7月15日,沒法下載,富邦行動銀行,4
30668,kevin fan,1 顆星,2024年1月17日,無法使用,臺灣銀行-網路銀行隨身版,4
10819,陳智維,1 顆星,2023年7月15日,不能開啊,富邦行動銀行,4
26839,Zoe Chao,5 顆星,2023年11月26日,If介面,新光銀行,4
26251,陳壯明,5 顆星,2022年2月22日,轉帳成功,Richart,4
4654,黃芬香,5 顆星,2023年12月27日,方便快捷,中國信託行動銀行 Home Bank,4
16847,林文裕,4 顆星,2023年5月9日,簡便好用,永豐行動銀行,4
10240,許智翔,1 顆星,2023年7月15日,無法更新,富邦行動銀行,4
16258,陳可萱,5 顆星,2024年3月13日,非常好用,永豐行動銀行,4
14667,高于恒,1 顆星,2022年7月26日,無法使用,元大銀行 Yuanta Commercial Bank,4
863,GeHow Wang,5 顆星,2023年8月14日,Good,國泰世華網路銀行CUBE,4
12091,Anne Wu,5 顆星,2022年8月16日,使用便利,富邦行動銀行,4
9804,囍寶,5 顆星,2023年10月5日,很好用😊,富邦行動銀行,4
2044,胡文智（ameso）,5 顆星,2022年11月30日,交易方便,國泰世華網路銀行CUBE,4
1354,Alan Liu,5 顆星,2023年3月20日,網路很快,國泰世華網路銀行CUBE,4
25881,陳志豪,5 顆星,2022年7月26日,Good,Richart,4
27006,Chang EnTrain (Train),5 顆星,2023年11月25日,Good,新光銀行,4
2271,周子垚,5 顆星,2022年10月10日,操作簡單,國泰世華網路銀行CUBE,4
4005,蕭貴香,5 顆星,2022年1月13日,操作清楚,國泰世華網路銀行CUBE,4
26889,3 WN,5 顆星,2023年11月26日,方便使用,新光銀行,4
8738,徐偉琳,5 顆星,2022年2月14日,方便好用,中國信託行動銀行 Home Bank,4
11990,鐘聖華,5 顆星,2022年10月3日,非常便利,富邦行動銀行,4
26884,楊小姐,5 顆星,2023年11月26日,畫面美觀,新光銀行,4
20546,陳宗鈞,5 顆星,2022年9月22日,Good,玉山行動銀行,4
653,ling,5 顆星,2023年10月26日,省時便利,國泰世華網路銀行CUBE,4
24321,j k,1 顆星,2022年1月8日,無法更新,台新銀行行動銀行,4
19209,君唐魏,5 顆星,2024年2月24日,非常好用,玉山行動銀行,4
17155,嘉豐電腦,5 顆星,2023年1月3日,方便實用,永豐行動銀行,4
3198,陳妹妹,5 顆星,2022年4月25日,方便好用,國泰世華網路銀行CUBE,4
4213,黃紫峰,1 顆星,2021年12月23日,無法下載,國泰世華網路銀行CUBE,4
24604,Leo Sung,5 顆星,2024年3月7日,Good,Richart,4
1195,懷永媽媽,5 顆星,2023年4月27日,快速方便,國泰世華網路銀行CUBE,4
7059,蔡娟娟March300,1 顆星,2022年6月17日,無法更新,中國信託行動銀行 Home Bank,4
12855,Hero,5 顆星,2022年2月8日,好用方便,富邦行動銀行,4
16807,泳結,5 顆星,2023年5月26日,使用方便,永豐行動銀行,4
24610,張傑森,5 顆星,2024年3月4日,Good,Richart,4
19336,陳朝楠,5 顆星,2024年1月20日,很棒喔！,玉山行動銀行,4
10863,馬三,1 顆星,2023年7月14日,無法更新,富邦行動銀行,4
4863,鄭宜和,5 顆星,2023年11月5日,good,中國信託行動銀行 Home Bank,4
26293,游明興,5 顆星,2022年2月8日,超級方便,Richart,4
15130,vily Hakan,1 顆星,2021年10月21日,無法更新,元大銀行 Yuanta Commercial Bank,4
19459,jin shi,5 顆星,2023年12月4日,方便快速,玉山行動銀行,4
10603,LV864621 LV864621,1 顆星,2023年7月15日,無法更新,富邦行動銀行,4
24189,Hsien Wei Tsai,1 顆星,2022年1月21日,無法更新,台新銀行行動銀行,4
11367,Chuang Nessie,4 顆星,2023年6月5日,簡單好用,富邦行動銀行,4
13107,熊月華,5 顆星,2021年12月2日,簡單明瞭,富邦行動銀行,4
9430,Matt Yang,5 顆星,2024年1月16日,簡單好用,富邦行動銀行,4
210,洪志承,5 顆星,2024年2月9日,Ok的啦,國泰世華網路銀行CUBE,4
3693,黃梅英,5 顆星,2022年2月25日,方便實用,國泰世華網路銀行CUBE,4
14726,辜炳翰,5 顆星,2022年6月28日,不能下載,元大銀行 Yuanta Commercial Bank,4
14157,路克蝦,5 顆星,2024年1月24日,還是得用,元大銀行 Yuanta Commercial Bank,4
3956,yu te shen,5 顆星,2022年1月21日,方便好用,國泰世華網路銀行CUBE,4
17027,田欣怡,5 顆星,2023年3月1日,方便好用,永豐行動銀行,4
923,許麗津,5 顆星,2023年7月25日,非常方便,國泰世華網路銀行CUBE,4
19568,吳志豪,5 顆星,2023年11月5日,簡易方便,玉山行動銀行,4
12915,林俊榮,4 顆星,2022年1月20日,Good,富邦行動銀行,4
20968,Daniel Yang楊一清,4 顆星,2022年4月13日,Good,玉山行動銀行,4
10070,盧德政,5 顆星,2023年8月2日,非常好用,富邦行動銀行,4
5223,eqwe floeq,5 顆星,2023年7月28日,明暸易懂,中國信託行動銀行 Home Bank,4
29143,黃美雲,5 顆星,2022年2月23日,非常好用,DBS digibank TW 星展行動銀行,4
11905,shih綠綠,5 顆星,2022年11月13日,Nice,富邦行動銀行,4
23083,曾信傑,1 顆星,2022年10月24日,跑不動。,凱基銀行,4
27096,王瑞沁,5 顆星,2023年11月24日,細心服務,新光銀行,4
28264,林政德,2 顆星,2022年9月6日,太太繁瑣,LINE Bank,4
26979,王力禾,5 顆星,2023年11月25日,good,新光銀行,4
5434,仕傑,5 顆星,2023年6月5日,方便快速,中國信託行動銀行 Home Bank,4
15906,夜腦,1 顆星,2021年12月30日,無法下載,第一銀行 第e行動,4
9633,Thierry Cheng,5 顆星,2023年11月20日,nice,富邦行動銀行,4
5012,小井子,5 顆星,2023年9月22日,不能轉帳,中國信託行動銀行 Home Bank,4
6653,我是金鯊魚,5 顆星,2022年8月26日,good,中國信託行動銀行 Home Bank,4
11141,林昭識,5 顆星,2023年7月14日,方便實用,富邦行動銀行,4
22904,謝文彬,4 顆星,2022年11月23日,明細清楚,凱基銀行,4
17091,Az lo,5 顆星,2023年1月6日,簡單好用,永豐行動銀行,4
3701,Mindy Liao,5 顆星,2022年2月25日,非常便利,國泰世華網路銀行CUBE,4
16164,王國泰,5 顆星,2021年9月11日,方便訊速,第一銀行 第e行動,4
19926,許國忠,5 顆星,2023年7月26日,Nice,玉山行動銀行,4
4903,張右明,1 顆星,2023年10月26日,超級難用,中國信託行動銀行 Home Bank,4
11291,chen chen yang,5 顆星,2023年7月2日,蠻好使用,富邦行動銀行,4
9040,MinRay Hsieh,1 顆星,2022年1月8日,無法更新,中國信託行動銀行 Home Bank,4
20147,Petra Pan,5 顆星,2023年6月2日,轉帳方便,玉山行動銀行,4
11311,Kevin Chen,5 顆星,2023年6月26日,使用方便,富邦行動銀行,4
35,王婕,4 顆星,2024年3月21日,好用實惠,國泰世華網路銀行CUBE,4
9353,林小若,5 顆星,2024年2月9日,方便迅速,富邦行動銀行,4
3644,柯智騰,5 顆星,2022年3月4日,方便好用,國泰世華網路銀行CUBE,4
18740,林北很秋,1 顆星,2022年11月3日,爛app,華南銀行+,4
5313,marge lee,5 顆星,2023年7月10日,快速安全,中國信託行動銀行 Home Bank,4
442,秦子淇,5 顆星,2023年12月19日,換匯快速,國泰世華網路銀行CUBE,4
30277,修羅楓,5 顆星,2023年4月21日,實用方便,樂天國際商業銀行,4
5318,lily yu,5 顆星,2023年7月8日,操作方便,中國信託行動銀行 Home Bank,4
1216,林家弘,5 顆星,2023年4月21日,使用方便,國泰世華網路銀行CUBE,4
3191,張志誠,5 顆星,2022年4月26日,good,國泰世華網路銀行CUBE,4
19797,ma ya,5 顆星,2023年9月15日,便利實用,玉山行動銀行,4
16515,Jaky Shen,5 顆星,2023年10月24日,快速便利,永豐行動銀行,4
1773,Emma Tai,5 顆星,2022年12月27日,簡單方便,國泰世華網路銀行CUBE,4
1473,沈彤,1 顆星,2023年2月19日,超級難用,國泰世華網路銀行CUBE,4
20977,蔡文仕,5 顆星,2022年4月11日,使用方便,玉山行動銀行,4
5440,wells111able,5 顆星,2023年6月2日,清楚好用,中國信託行動銀行 Home Bank,4
7143,曉華,1 顆星,2022年6月4日,非常難用,中國信託行動銀行 Home Bank,4
12504,麥卡倫,5 顆星,2022年5月5日,簡單明瞭,富邦行動銀行,4
13681,歐育智,5 顆星,2022年4月8日,讚→♾️,兆豐銀行,4
3883,kan huang,5 顆星,2022年1月26日,下載快速,國泰世華網路銀行CUBE,4
15037,Li Cheng Chen,1 顆星,2021年12月6日,登不進去,元大銀行 Yuanta Commercial Bank,4
8173,林孫儀,1 顆星,2022年3月14日,慢慢太慢,中國信託行動銀行 Home Bank,4
9547,Liming Shih,5 顆星,2023年12月6日,操作方便,富邦行動銀行,4
25990,謝裕民,5 顆星,2022年5月23日,Nice,Richart,4
3339,郭柏志,5 顆星,2022年4月5日,方便好用,國泰世華網路銀行CUBE,4
23597,H.C Tsai,1 顆星,2022年10月13日,無法登入,台新銀行行動銀行,4
3465,Leon Yang,5 顆星,2022年3月26日,快速方便,國泰世華網路銀行CUBE,4
19555,劉佳豪,5 顆星,2023年11月8日,方便快速,玉山行動銀行,4
13073,Roger CHEN,5 顆星,2021年12月9日,讚！好用,富邦行動銀行,4
30573,思強,5 顆星,2022年2月20日,方便好用,樂天國際商業銀行,4
19798,evan chen,5 顆星,2023年9月15日,方便好用,玉山行動銀行,4
9882,莉蓁蘇,5 顆星,2023年9月14日,方便好用,富邦行動銀行,4
24369,hwang kc,5 顆星,2022年1月6日,good,台新銀行行動銀行,4
24312,Norman Chen,1 顆星,2022年1月8日,畫面髒亂,台新銀行行動銀行,4
8700,Gerald Yang,4 顆星,2022年2月25日,方便使用,中國信託行動銀行 Home Bank,4
5365,陳碧玉,5 顆星,2023年6月26日,讚，方便,中國信託行動銀行 Home Bank,4
10510,王崇孝,1 顆星,2023年7月15日,不能更新,富邦行動銀行,4
2691,王頎斌,5 顆星,2022年7月28日,Good,國泰世華網路銀行CUBE,4
26277,紅五,5 顆星,2022年2月12日,方便好用,Richart,4
26682,忠忠,1 顆星,2021年10月2日,下載很慢,Richart,4
8815,Jammy Hsu,5 顆星,2022年1月29日,使用順暢,中國信託行動銀行 Home Bank,4
9114,david chang,5 顆星,2022年1月5日,Good,中國信託行動銀行 Home Bank,4
21434,john yeh,5 顆星,2021年12月21日,方便OK,玉山行動銀行,4
1453,張雲,5 顆星,2023年2月24日,很好使用,國泰世華網路銀行CUBE,4
19903,許雅筑,5 顆星,2023年8月2日,還不錯用,玉山行動銀行,4
16271,唐意雯,5 顆星,2024年3月8日,介面很棒,永豐行動銀行,4
3679,郭玉寶,5 顆星,2022年3月1日,Good,國泰世華網路銀行CUBE,4
12841,ABC,5 顆星,2022年2月10日,簡單操作,富邦行動銀行,4
17084,張慧雯,5 顆星,2023年1月7日,方便好用,永豐行動銀行,4
9970,jss5890,5 顆星,2023年8月24日,非常滿意,富邦行動銀行,4
16474,林明松,5 顆星,2023年11月15日,方便快速,永豐行動銀行,4
2216,藍炳煌,5 顆星,2022年10月21日,非常方便,國泰世華網路銀行CUBE,4
6628,巫勝吉,1 顆星,2022年8月31日,無法安裝,中國信託行動銀行 Home Bank,4
17210,小東,1 顆星,2022年11月25日,失望極了,永豐行動銀行,4
21264,Hsinte Chen,1 顆星,2022年2月17日,無法安裝,玉山行動銀行,4
20415,邱銘欽,5 顆星,2022年12月27日,不錯嘛！,玉山行動銀行,4
19466,Syndrome,5 顆星,2023年12月1日,超級好用,玉山行動銀行,4
12582,吳曉華,5 顆星,2022年4月16日,非常好用,富邦行動銀行,4
2895,FAN,1 顆星,2022年6月27日,真的很爛,國泰世華網路銀行CUBE,4
1329,林傑正,5 顆星,2023年3月24日,簡易方便,國泰世華網路銀行CUBE,4
29791,TONY S--,5 顆星,2022年7月4日,簡便好用,將來銀行 NEXT BANK,4
12151,帥陳政揚政杰,4 顆星,2022年8月1日,值得推薦,富邦行動銀行,4
1085,林欣潔,4 顆星,2023年5月29日,超級方便,國泰世華網路銀行CUBE,4
28190,李錫衍,5 顆星,2022年12月18日,方便實用,LINE Bank,4
12103,bloomydesign,5 顆星,2022年8月12日,整體流暢,富邦行動銀行,4
18396,喵梓,4 顆星,2023年7月22日,good,華南銀行+,4
12729,呂美惠,5 顆星,2022年3月7日,方便使用,富邦行動銀行,4
26000,Candy Wen,5 顆星,2022年5月16日,迅速方便,Richart,4
2056,馬弟龍兄,5 顆星,2022年11月28日,good,國泰世華網路銀行CUBE,4
12771,江政達,5 顆星,2022年3月2日,Good,富邦行動銀行,4
11252,Fiona Kung,5 顆星,2023年7月9日,nice,富邦行動銀行,4
17979,周昱廷,5 顆星,2024年2月5日,淺顯易懂,華南銀行+,4
4423,楊過,5 顆星,2024年2月28日,好用軟體,中國信託行動銀行 Home Bank,4
6759,許書文,5 顆星,2022年8月6日,功能齊全,中國信託行動銀行 Home Bank,4
18845,春浪,1 顆星,2022年9月23日,越換越爛,華南銀行+,4
11223,蔡蔡源芳,5 顆星,2023年7月14日,迅速方便,富邦行動銀行,4
26847,William Wang,5 顆星,2023年11月26日,非常好用,新光銀行,4
3238,黃淑珍,5 顆星,2022年4月15日,非常滿意,國泰世華網路銀行CUBE,4
2357,黃慈繪,5 顆星,2022年9月29日,很好使用,國泰世華網路銀行CUBE,4
29979,張志賢,5 顆星,2022年4月8日,還無確定,將來銀行 NEXT BANK,4
12448,楊世昌,4 顆星,2022年5月24日,正體驗中,富邦行動銀行,4
14514,Tony Yang,1 顆星,2022年10月6日,真的難用,元大銀行 Yuanta Commercial Bank,4
13065,何承恩,5 顆星,2021年12月11日,good,富邦行動銀行,4
20065,李玉婷,5 顆星,2023年6月14日,迅速方便,玉山行動銀行,4
2639,楊清印,5 顆星,2022年8月3日,good,國泰世華網路銀行CUBE,4
29225,陳延壽,1 顆星,2021年1月20日,無法更新,DBS digibank TW 星展行動銀行,4
23960,王紫薰,3 顆星,2022年3月31日,實在很慢,台新銀行行動銀行,4
2158,FPs,5 顆星,2022年11月3日,一起加油,國泰世華網路銀行CUBE,4
26306,郭韻婷,5 顆星,2022年1月28日,非常好用,Richart,4
5351,yunjen kuo,5 顆星,2023年6月30日,Good,中國信託行動銀行 Home Bank,4
14502,Chen-Zhien Zhien,5 顆星,2022年10月13日,Good,元大銀行 Yuanta Commercial Bank,4
1239,InIn Der,5 顆星,2023年4月14日,速度很快,國泰世華網路銀行CUBE,4
8788,熙熙,1 顆星,2022年2月5日,無法更新,中國信託行動銀行 Home Bank,4
6463,劉德安,5 顆星,2022年9月29日,實用性高,中國信託行動銀行 Home Bank,4
11037,ken hung,1 顆星,2023年7月14日,無法登入,富邦行動銀行,4
5610,shih-hung Huang,5 顆星,2023年4月18日,Good,中國信託行動銀行 Home Bank,4
24245,mila watan,4 顆星,2022年1月17日,可以用了,台新銀行行動銀行,4
16143,林娟,1 顆星,2021年9月11日,無法更新,第一銀行 第e行動,4
10474,Andy Yeh,1 顆星,2023年7月15日,無法開啟,富邦行動銀行,4
30663,余欣儒（余欣儒）,5 顆星,2024年2月8日,操作順暢,臺灣銀行-網路銀行隨身版,4
24164,黃小彬,1 顆星,2022年1月22日,無法更新,台新銀行行動銀行,4
26680,Meishow Sheen,4 顆星,2021年10月2日,轉帳便利,Richart,4
6962,吳于凡,5 顆星,2022年6月29日,Good,中國信託行動銀行 Home Bank,4
4744,陳莉苓,5 顆星,2023年11月30日,方便準確,中國信託行動銀行 Home Bank,4
16757,張建和,5 顆星,2023年6月27日,方便順利,永豐行動銀行,4
4222,麗兒何,1 顆星,2021年12月22日,不能更新,國泰世華網路銀行CUBE,4
5592,78 U,5 顆星,2023年4月22日,good,中國信託行動銀行 Home Bank,4
12281,李煥騰,5 顆星,2022年7月5日,簡單實用,富邦行動銀行,4
27140,吉米蔡,5 顆星,2023年11月24日,介面改版,新光銀行,4
4940,奇Randy,5 顆星,2023年10月16日,快速方便,中國信託行動銀行 Home Bank,4
10542,游惠美,2 顆星,2023年7月15日,無法更新,富邦行動銀行,4
6419,欸超,5 顆星,2022年10月7日,方便使用,中國信託行動銀行 Home Bank,4
819,Alan,4 顆星,2023年8月22日,感謝回答,國泰世華網路銀行CUBE,4
21275,林能宏,5 顆星,2022年2月15日,讚喔～👍,玉山行動銀行,4
30160,Mark Lin,5 顆星,2023年12月19日,蠻方便的,樂天國際商業銀行,4
2808,佳玫,5 顆星,2022年7月13日,方便好用,國泰世華網路銀行CUBE,4
5227,振益邱,5 顆星,2023年7月27日,方便好用,中國信託行動銀行 Home Bank,4
4633,Ding Fang Su,5 顆星,2024年1月3日,方便快速,中國信託行動銀行 Home Bank,4
7412,zongcw,5 顆星,2022年4月25日,方便好用,中國信託行動銀行 Home Bank,4
21081,候選人,1 顆星,2022年3月31日,越更越爛,玉山行動銀行,4
5746,_ 모기謝,5 顆星,2023年3月13日,非常方便,中國信託行動銀行 Home Bank,4
5287,王小粉,5 顆星,2023年7月15日,使用方便,中國信託行動銀行 Home Bank,4
19263,按摩師賴老師,5 顆星,2024年2月11日,方便好用,玉山行動銀行,4
16528,Jia-Haur Chern,5 顆星,2023年10月14日,good,永豐行動銀行,4
15856,吳蕙如,1 顆星,2022年1月4日,無法更新,第一銀行 第e行動,4
3425,郭佳慧,5 顆星,2022年4月1日,good,國泰世華網路銀行CUBE,4
197,陳小亦,1 顆星,2024年2月15日,一直閃退,國泰世華網路銀行CUBE,4
11794,江宜臻,5 顆星,2023年1月4日,清楚好用,富邦行動銀行,4
12454,蔡明樹,5 顆星,2022年5月20日,棒的！一,富邦行動銀行,4
12798,禰豆子,5 顆星,2022年3月1日,很方便。,富邦行動銀行,4
3440,黃昆龍,5 顆星,2022年3月30日,方便操作,國泰世華網路銀行CUBE,4
3703,Ian Chen,3 顆星,2022年2月24日,good,國泰世華網路銀行CUBE,4
3064,Winna Tjayani,5 顆星,2022年5月23日,很方便。,國泰世華網路銀行CUBE,4
27048,Ray Wu,5 顆星,2023年11月25日,Good,新光銀行,4
12017,lck610101,5 顆星,2022年9月10日,方便好用,富邦行動銀行,4
9181,王舜光,5 顆星,2021年12月24日,方便好用,中國信託行動銀行 Home Bank,4
8472,tim lai,1 顆星,2022年3月12日,無法更新,中國信託行動銀行 Home Bank,4
20079,周玉星,5 顆星,2023年6月12日,轉帳方便,玉山行動銀行,4
2996,林秀美,5 顆星,2022年6月7日,Good,國泰世華網路銀行CUBE,4
5521,betty Chen,5 顆星,2023年5月11日,非常方便,中國信託行動銀行 Home Bank,4
16455,陳世彥,5 顆星,2023年11月22日,good,永豐行動銀行,4
13013,chiaying wu,5 顆星,2022年1月1日,直覺好用,富邦行動銀行,4
25146,445B吳佳恩,1 顆星,2023年8月15日,會被氣死,Richart,4
632,車忠融,5 顆星,2023年11月2日,好好用😀,國泰世華網路銀行CUBE,4
20600,Yo Pabo,5 顆星,2022年9月2日,更新好了,玉山行動銀行,4
10066,天才,5 顆星,2023年8月3日,值得推薦,富邦行動銀行,4
11016,Titi Lin,3 顆星,2023年7月14日,感覺不深,富邦行動銀行,4
10823,Amy Wisher,1 顆星,2023年7月15日,無法開啓,富邦行動銀行,4
20841,KaMi,1 顆星,2022年6月7日,坑殺散戶,玉山行動銀行,4
12530,Lo SC,5 顆星,2022年5月2日,操作容易,富邦行動銀行,4
20809,Syea Ter,5 顆星,2022年7月1日,快速方便,玉山行動銀行,4
17614,胡仁德,1 顆星,2021年11月24日,不會更新,永豐行動銀行,4
18184,宋萬盛,5 顆星,2024年1月2日,方便好用,華南銀行+,4
17169,jerry Chung,5 顆星,2023年1月2日,方便快速,永豐行動銀行,4
17513,林宜仙,1 顆星,2021年12月29日,無法下載,永豐行動銀行,4
4384,Danny Chen,5 顆星,2024年3月11日,方便好用,中國信託行動銀行 Home Bank,4
2342,胖丁,1 顆星,2022年10月3日,登入卡住,國泰世華網路銀行CUBE,4
30667,巫秋賢,3 顆星,2024年1月18日,使用看看,臺灣銀行-網路銀行隨身版,4
31439,Hui Ping,1 顆星,2021年10月1日,不能更新,臺灣銀行-網路銀行隨身版,4
16124,林宸逸,1 顆星,2021年9月13日,無法更新,第一銀行 第e行動,4
20892,Youwen Lee,1 顆星,2022年5月6日,無法登入,玉山行動銀行,4
16731,Johnny Huang,5 顆星,2023年7月1日,方便好用,永豐行動銀行,4
13121,Jacob Su,5 顆星,2021年12月1日,操作方便,富邦行動銀行,4
11965,Yvonne Chen,5 顆星,2022年10月11日,清楚快速,富邦行動銀行,4
15977,踢罐子,5 顆星,2021年11月23日,Good,第一銀行 第e行動,4
974,Tseng P. H.,5 顆星,2023年7月4日,大有進步,國泰世華網路銀行CUBE,4
3601,劉嘉樹,5 顆星,2022年3月9日,方便快捷,國泰世華網路銀行CUBE,4
20585,Winson,1 顆星,2022年9月6日,更新超慢,玉山行動銀行,4
16903,李Cheryl,5 顆星,2023年4月15日,非常便利,永豐行動銀行,4
3424,賴建順,5 顆星,2022年4月1日,good,國泰世華網路銀行CUBE,4
2454,Jopu Sun,1 顆星,2022年9月10日,垃圾銀行,國泰世華網路銀行CUBE,4
15708,Chien,1 顆星,2022年3月4日,很難下載,第一銀行 第e行動,4
11237,蔡念舫,5 顆星,2023年7月13日,使用流暢,富邦行動銀行,4
16121,Hsieh Neo,5 顆星,2021年9月13日,good,第一銀行 第e行動,4
6647,席琳狄翁席琳狄翁,5 顆星,2022年8月27日,Good,中國信託行動銀行 Home Bank,4
19587,楊文環,2 顆星,2023年11月1日,還在適應,玉山行動銀行,4
7078,林義雄,5 顆星,2022年6月15日,方便好用,中國信託行動銀行 Home Bank,4
11729,janet wu,5 顆星,2023年2月6日,簡單易用,富邦行動銀行,4
23917,簡銘興,1 顆星,2022年4月7日,無法下載,台新銀行行動銀行,4
2626,賴宏昇,4 顆星,2022年8月5日,方便快速,國泰世華網路銀行CUBE,4
15719,王淑美,1 顆星,2022年3月3日,強迫更新,第一銀行 第e行動,4
5976,混亂愛馬仕,5 顆星,2023年1月10日,簡單易使,中國信託行動銀行 Home Bank,4
3462,alex wang,4 顆星,2022年3月26日,迅速便利,國泰世華網路銀行CUBE,4
29181,wen scatte,5 顆星,2021年12月3日,簡單明瞭,DBS digibank TW 星展行動銀行,4
902,冷紹剛,5 顆星,2023年8月2日,方便快速,國泰世華網路銀行CUBE,4
26051,HanTing,5 顆星,2022年4月19日,方便好用,Richart,4
6026,許璟臻,5 顆星,2022年12月30日,好用方便,中國信託行動銀行 Home Bank,4
2071,陳阿四,4 顆星,2022年11月24日,方便簡易,國泰世華網路銀行CUBE,4
13244,Carrie Lin,5 顆星,2021年11月3日,繼續加油,富邦行動銀行,4
1426,徐珊,5 顆星,2023年3月2日,方便使用,國泰世華網路銀行CUBE,4
12261,吳景方,5 顆星,2022年7月10日,很好操作,富邦行動銀行,4
16637,孫駐勝,5 顆星,2023年8月14日,方便快速,永豐行動銀行,4
18301,ki mi,5 顆星,2023年12月17日,挺好用的,華南銀行+,4
16329,王文成,5 顆星,2024年1月28日,非常方便,永豐行動銀行,4
30579,吳所謂,5 顆星,2022年2月10日,使用方便,樂天國際商業銀行,4
19187,anthony7510232007,5 顆星,2024年2月29日,good,玉山行動銀行,4
8091,黃浩軒,1 顆星,2022年3月15日,無法更新,中國信託行動銀行 Home Bank,4
1390,李松齡,5 顆星,2023年3月10日,good,國泰世華網路銀行CUBE,4
28068,張安樂,4 顆星,2023年6月2日,Good,LINE Bank,4
10808,鴻蓉甘,1 顆星,2023年7月15日,無法使用,富邦行動銀行,4
18492,陸寯,1 顆星,2023年4月19日,很不穩定,華南銀行+,4
17229,蘇紹霖,5 顆星,2022年10月11日,易懂方便,永豐行動銀行,4
6349,沈小弟,5 顆星,2022年10月22日,真實的好,中國信託行動銀行 Home Bank,4
9438,JY Wu,5 顆星,2024年1月15日,方便好用,富邦行動銀行,4
24790,henry55 wu,5 顆星,2023年12月17日,簡單易用,Richart,4
19240,趙小韋,4 顆星,2024年2月18日,介面好看,玉山行動銀行,4
9117,Maxwell Taiwan,5 顆星,2022年1月5日,方便好用,中國信託行動銀行 Home Bank,4
26355,Yang Tiffany,5 顆星,2022年1月14日,Good,Richart,4
2435,雞排店老闆,5 顆星,2022年9月13日,方便舒服,國泰世華網路銀行CUBE,4
6952,何碧琴,5 顆星,2022年7月1日,Good,中國信託行動銀行 Home Bank,4
21491,黃仲弘,1 顆星,2021年11月23日,爛，難用,玉山行動銀行,4
4034,吳順發,4 顆星,2022年1月8日,滿直覺的,國泰世華網路銀行CUBE,4
10920,lkk you (努力以赴),1 顆星,2023年7月14日,無法更新,富邦行動銀行,4
24909,江秀英,5 顆星,2023年11月15日,不是ㄝ错,Richart,4
6199,呂軍慶,5 顆星,2022年11月22日,方便好用,中國信託行動銀行 Home Bank,4
1645,lon H.,5 顆星,2023年1月18日,方便好用,國泰世華網路銀行CUBE,4
2565,王力韋,4 顆星,2022年8月17日,還可以啦,國泰世華網路銀行CUBE,4
7216,高珮娟,5 顆星,2022年5月21日,方便快速,中國信託行動銀行 Home Bank,4
26024,Rafael阿飛,1 顆星,2022年5月2日,難用至極,Richart,4
8393,林穎毅,1 顆星,2022年3月12日,無法更新,中國信託行動銀行 Home Bank,4
9050,Leon Wang,2 顆星,2022年1月8日,無法更新,中國信託行動銀行 Home Bank,4
26359,李岳原,1 顆星,2022年1月12日,無法更新,Richart,4
2403,林玎,3 顆星,2022年9月20日,NICE,國泰世華網路銀行CUBE,4
28907,郁婷,1 顆星,2023年8月22日,不給註冊,DBS digibank TW 星展行動銀行,4
25868,周義峰,5 顆星,2022年8月2日,真是不錯,Richart,4
3616,張玉芝,5 顆星,2022年3月8日,方便上手,國泰世華網路銀行CUBE,4
30078,Frank Fan,5 顆星,2024年3月16日,優惠利息,樂天國際商業銀行,4
9864,広さん,3 顆星,2023年9月20日,太複雜了,富邦行動銀行,4
28806,謝長瑞,5 顆星,2023年12月27日,方便使用,DBS digibank TW 星展行動銀行,4
26673,8282王建明,5 顆星,2021年10月4日,方便實用,Richart,4
4347,楊國文,5 顆星,2024年3月21日,好用方便,中國信託行動銀行 Home Bank,4
7080,yi hui liu,5 顆星,2022年6月15日,good,中國信託行動銀行 Home Bank,4
18173,張秋惠,5 顆星,2024年1月2日,簡單方便,華南銀行+,4
6156,邵泳彰,5 顆星,2022年11月30日,非常滿意,中國信託行動銀行 Home Bank,4
19757,王妃,5 顆星,2023年9月27日,非常好用,玉山行動銀行,4
8077,李重億,1 顆星,2022年3月15日,不能下載,中國信託行動銀行 Home Bank,4
12706,蕭淑娜,5 顆星,2022年3月10日,方便安全,富邦行動銀行,4
2636,吳胖胖,5 顆星,2022年8月3日,轉帳迅速,國泰世華網路銀行CUBE,4
17920,weiwei liu,5 顆星,2024年3月4日,操作簡單,華南銀行+,4
18187,alice Wang,5 顆星,2024年1月2日,Good,華南銀行+,4
18303,柯彥如,5 顆星,2023年12月16日,非常好用,華南銀行+,4
27083,俞博文,5 顆星,2023年11月24日,good,新光銀行,4
9163,劉冠呈,5 顆星,2021年12月27日,方便好用,中國信託行動銀行 Home Bank,4
19777,曾永順,5 顆星,2023年9月23日,非常好用,玉山行動銀行,4
9220,龍阿迪,4 顆星,2024年4月1日,中規中矩,富邦行動銀行,4
15430,陳永紘,3 顆星,2022年9月27日,Good,第一銀行 第e行動,4
4273,Chloe Xie,5 顆星,2024年4月4日,今天很卡,中國信託行動銀行 Home Bank,4
18032,Guoyang Chien,5 顆星,2024年1月23日,方便好用,華南銀行+,4
20024,陳諭陵,5 顆星,2023年6月26日,good,玉山行動銀行,4
1805,曾婉茸,5 顆星,2022年12月21日,Good,國泰世華網路銀行CUBE,4
28180,高橋涼介,5 顆星,2022年12月31日,方便使用,LINE Bank,4
3315,吳明好,5 顆星,2022年4月6日,超使用喔,國泰世華網路銀行CUBE,4
26429,Sylvia L,1 顆星,2021年12月30日,無法更新,Richart,4
30823,黃逸芳,5 顆星,2023年4月29日,Good,臺灣銀行-網路銀行隨身版,4
15341,Jack Chang,1 顆星,2023年3月9日,無法更新,第一銀行 第e行動,4
16719,Chin-Ming Liu,5 顆星,2023年7月4日,非常好用,永豐行動銀行,4
6903,傅筱涵,5 顆星,2022年7月9日,超cp值,中國信託行動銀行 Home Bank,4
7456,赤羽信之介（王董）,5 顆星,2022年4月20日,方便操作,中國信託行動銀行 Home Bank,4
6890,小不點,5 顆星,2022年7月12日,方便迅速,中國信託行動銀行 Home Bank,4
9209,Vickie chen,5 顆星,2024年4月2日,轉帳快速,富邦行動銀行,4
22815,Dai Lunghui,5 顆星,2023年3月10日,Good,凱基銀行,4
3491,老睦（老睦卡賀）,5 顆星,2022年3月21日,簡單方便,國泰世華網路銀行CUBE,4
18226,Chiaowen Wu,1 顆星,2023年12月30日,無法安裝,華南銀行+,4
23129,鄭有智,1 顆星,2022年10月20日,速度很慢,凱基銀行,4
19934,小小珠,5 顆星,2023年7月24日,操作簡單,玉山行動銀行,4
24965,朱淳熙,5 顆星,2023年10月20日,非常好用,Richart,4
26586,友誠Anson,5 顆星,2021年11月11日,方便快速,Richart,4
17292,楊峻峰,5 顆星,2022年7月21日,很好用。,永豐行動銀行,4
8689,小黑,5 顆星,2022年2月28日,快速好用,中國信託行動銀行 Home Bank,4
6032,chi lung chan,5 顆星,2022年12月29日,非常好用,中國信託行動銀行 Home Bank,4
678,Peter Pan,5 顆星,2023年10月14日,方便快速,國泰世華網路銀行CUBE,4
11583,hch Hong,5 顆星,2023年4月6日,清楚明瞭,富邦行動銀行,4
4186,vivian chen,5 顆星,2021年12月27日,Good,國泰世華網路銀行CUBE,4
30685,卓生榕,2 顆星,2023年12月15日,更新不了,臺灣銀行-網路銀行隨身版,4
20219,Eric Chang,5 顆星,2023年5月29日,業界最好,玉山行動銀行,4
24579,Samantha Huang,5 顆星,2024年3月20日,方便好用,Richart,4
11879,謝偉傑,5 顆星,2022年11月30日,非常方便,富邦行動銀行,4
10110,黃淑娟,5 顆星,2023年7月24日,容易操作,富邦行動銀行,4
17709,吳坤燈,5 顆星,2021年8月17日,方便使用,永豐行動銀行,4
3441,林祺閔,5 顆星,2022年3月29日,繳費方便,國泰世華網路銀行CUBE,4
5155,歐陽玉華,5 顆星,2023年8月14日,good,中國信託行動銀行 Home Bank,4
7348,魏先生,5 顆星,2022年4月30日,省時方便,中國信託行動銀行 Home Bank,4
3045,王聰敏,5 顆星,2022年5月27日,方便快速,國泰世華網路銀行CUBE,4
5770,張芳瑜,5 顆星,2023年3月5日,Nice,中國信託行動銀行 Home Bank,4
16771,莊慶崇,5 顆星,2023年6月20日,親民好用,永豐行動銀行,4
17790,楊仲智,1 顆星,2021年6月13日,不能更新,永豐行動銀行,4
19906,陳品均（阿均）,5 顆星,2023年8月2日,方便好用,玉山行動銀行,4
7753,惠絨,1 顆星,2022年3月29日,無法更新,中國信託行動銀行 Home Bank,4
25801,鍾岳融,5 顆星,2022年9月19日,非常好用,Richart,4
9559,熊家蘭,4 顆星,2023年12月5日,明確方便,富邦行動銀行,4
15659,Nga-hui Tracy,4 顆星,2022年3月28日,清楚好用,第一銀行 第e行動,4
19224,孫佩祺,5 顆星,2024年2月22日,操作方便,玉山行動銀行,4
7766,CJTONY Chien,1 顆星,2022年3月28日,無法更新,中國信託行動銀行 Home Bank,4
21418,Andrew Leng,5 顆星,2021年12月25日,方便實用,玉山行動銀行,4
9568,陳清詳,4 顆星,2023年12月4日,使用方便,富邦行動銀行,4
12063,Sam Wang,5 顆星,2022年9月1日,非常好用,富邦行動銀行,4
6844,eason hu,5 顆星,2022年7月22日,方便安全,中國信託行動銀行 Home Bank,4
12021,李惠蓮,5 顆星,2022年9月8日,簡單方便,富邦行動銀行,4
29659,lin acer,5 顆星,2022年9月29日,簡單好用,將來銀行 NEXT BANK,4
6563,蘇泰力,5 顆星,2022年9月15日,蠻方便的,中國信託行動銀行 Home Bank,4
3610,姚文嘉,5 顆星,2022年3月9日,方便使用,國泰世華網路銀行CUBE,4
3183,陳泰瑜,1 顆星,2022年4月26日,無法連線,國泰世華網路銀行CUBE,4
2654,Wang Alice,5 顆星,2022年8月1日,方便快速,國泰世華網路銀行CUBE,4
24296,Oo Q,3 顆星,2022年1月10日,越來越差,台新銀行行動銀行,4
3747,lin Tom,5 顆星,2022年2月18日,good,國泰世華網路銀行CUBE,4
2566,柳濬,5 顆星,2022年8月17日,Good,國泰世華網路銀行CUBE,4
9322,ton21bkk hsu,5 顆星,2024年2月24日,網速流暢,富邦行動銀行,4
3501,IN99Alex Wang,5 顆星,2022年3月18日,good,國泰世華網路銀行CUBE,4
19490,朱祥麟,2 顆星,2023年11月23日,無法豋入,玉山行動銀行,4
3917,張峻誠,4 顆星,2022年1月23日,實在好用,國泰世華網路銀行CUBE,4
5784,Wing Lin,1 顆星,2023年3月2日,卡頓難用,中國信託行動銀行 Home Bank,4
21277,賴布布,4 顆星,2022年2月15日,更新了嗎,玉山行動銀行,4
12892,章培堅,5 顆星,2022年1月29日,方便省時,富邦行動銀行,4
8648,Jack Chen,5 顆星,2022年3月9日,good,中國信託行動銀行 Home Bank,4
12563,ALOUIS LIU,5 顆星,2022年4月21日,Good,富邦行動銀行,4
29830,Shi-Jaw Chen,5 顆星,2022年6月15日,good,將來銀行 NEXT BANK,4
14061,林東毅,5 顆星,2021年7月13日,Good,兆豐銀行,4
12983,好天氣,5 顆星,2022年1月4日,方便快速,富邦行動銀行,4
13466,錢萬鈞,1 顆星,2023年3月4日,亂七八糟,兆豐銀行,4
19079,Detrick Cheung,5 顆星,2024年3月29日,轉帳方便,玉山行動銀行,4
8509,窩居我宿-風字（忘川）,5 顆星,2022年3月12日,如何更新,中國信託行動銀行 Home Bank,4
2491,Jia-Chyng Lan,5 顆星,2022年9月1日,快速好用,國泰世華網路銀行CUBE,4
3445,Sharon Huang,5 顆星,2022年3月29日,方便快速,國泰世華網路銀行CUBE,4
12734,黃靖庭STOP,5 顆星,2022年3月6日,Good,富邦行動銀行,4
7829,蘇意雯,2 顆星,2022年3月23日,無法上線,中國信託行動銀行 Home Bank,4
13577,Love & Peace,2 顆星,2022年7月28日,強迫更新,兆豐銀行,4
16506,彭弘洋,5 顆星,2023年11月1日,方便好用,永豐行動銀行,4
20198,芊,5 顆星,2023年5月31日,非常好用,玉山行動銀行,4
7991,小姐呂,5 顆星,2022年3月17日,操作方便,中國信託行動銀行 Home Bank,4
19143,小な,1 顆星,2024年3月11日,連線超爛,玉山行動銀行,4
12135,簡聰全,5 顆星,2022年8月3日,Good,富邦行動銀行,4
3475,楊楊楊,5 顆星,2022年3月24日,方便迅速,國泰世華網路銀行CUBE,4
20184,新瑞旅行社,5 顆星,2023年5月31日,方便快速,玉山行動銀行,4
17261,顏禾珈,1 顆星,2022年8月8日,更新過慢,永豐行動銀行,4
10257,許建仁,5 顆星,2023年7月15日,没有評論,富邦行動銀行,4
10844,晨光,5 顆星,2023年7月15日,無法更新,富邦行動銀行,4
14154,YT L,5 顆星,2024年1月27日,改好用了,元大銀行 Yuanta Commercial Bank,4
4382,Cloudy LEE,5 顆星,2024年3月11日,清楚安全,中國信託行動銀行 Home Bank,4
27916,李憲春,3 顆星,2023年12月18日,試用看看,LINE Bank,4
9068,李明驥,5 顆星,2022年1月8日,Good,中國信託行動銀行 Home Bank,4
7825,廖壹發,1 顆星,2022年3月24日,無法更新,中國信託行動銀行 Home Bank,4
3722,劉振維（Mark）,5 顆星,2022年2月22日,操作流暢,國泰世華網路銀行CUBE,4
6899,Chen-Yuan Yu,5 顆星,2022年7月10日,方便好用,中國信託行動銀行 Home Bank,4
4864,林文揚,4 顆星,2023年11月4日,畫面卡住,中國信託行動銀行 Home Bank,4
13104,茶唯馨,5 顆星,2021年12月2日,方便好用,富邦行動銀行,4
3143,薛家和,5 顆星,2022年5月4日,簡單好用,國泰世華網路銀行CUBE,4
5968,黃怡靜,5 顆星,2023年1月12日,方便快速,中國信託行動銀行 Home Bank,4
17289,台北小可,5 顆星,2022年7月21日,易學好用,永豐行動銀行,4
3119,蔡茗騏,5 顆星,2022年5月9日,換匯快速,國泰世華網路銀行CUBE,4
7471,白色彗星鯊,5 顆星,2022年4月18日,方便使用,中國信託行動銀行 Home Bank,4
17240,Corey jwT,2 顆星,2022年9月6日,？。一',永豐行動銀行,4
27702,Yu-Chen Hu,1 顆星,2022年7月18日,無法使用,新光銀行,4
11417,Opa Hsu,5 顆星,2023年5月18日,便捷好用,富邦行動銀行,4
28273,吳信濃,5 顆星,2022年8月31日,Good,LINE Bank,4
18282,Kiyaw Ju,5 顆星,2023年12月28日,還在適應,華南銀行+,4
8045,吳文豪,1 顆星,2022年3月15日,無法下載,中國信託行動銀行 Home Bank,4
26448,令言巧令言,5 顆星,2021年12月22日,喜歡.！,Richart,4
5253,陳慶賢,5 顆星,2023年7月21日,太棒了！,中國信託行動銀行 Home Bank,4
6118,蘇戰車,5 顆星,2022年12月7日,方便好用,中國信託行動銀行 Home Bank,4
20161,許世瑛,4 顆星,2023年6月1日,good,玉山行動銀行,4
13960,別村村姑,5 顆星,2021年9月14日,網頁順暢,兆豐銀行,4
9066,陳亭妙（Monica Chen）,5 顆星,2022年1月8日,方便快速,中國信託行動銀行 Home Bank,4
12307,vv v,5 顆星,2022年7月1日,非常好用,富邦行動銀行,4
30513,張淑芬,5 顆星,2022年6月27日,快速方便,樂天國際商業銀行,4
20928,洪世勳,4 顆星,2022年4月22日,使用方便,玉山行動銀行,4
16248,謝東翰,5 顆星,2024年3月16日,使用方便,永豐行動銀行,4
3552,周惠雪,2 顆星,2022年3月10日,無法開啟,國泰世華網路銀行CUBE,4
25677,吳佐林,4 顆星,2022年12月5日,方便快速,Richart,4
2307,applo fam,1 顆星,2022年10月8日,登不進去,國泰世華網路銀行CUBE,4
15891,潘美真,1 顆星,2021年12月31日,無法更新,第一銀行 第e行動,4
3825,宋世傑,5 顆星,2022年2月7日,good,國泰世華網路銀行CUBE,4
30325,吳啟年,5 顆星,2023年3月8日,快速完成,樂天國際商業銀行,4
7560,yasam hung,1 顆星,2022年4月10日,爛app,中國信託行動銀行 Home Bank,4
729,古芷菱,5 顆星,2023年9月23日,good,國泰世華網路銀行CUBE,4
13171,黃信鈞,5 顆星,2021年11月16日,方便快速,富邦行動銀行,4
5485,李明珠,1 顆星,2023年5月23日,無法下載,中國信託行動銀行 Home Bank,4
16037,Candy,5 顆星,2021年9月29日,方便實用,第一銀行 第e行動,4
9747,邱台生,5 顆星,2023年10月19日,簡單方便,富邦行動銀行,4
21429,lee shu-lin,4 顆星,2021年12月21日,安全實用,玉山行動銀行,4
31230,莊維致,5 顆星,2022年5月16日,穩定好用,臺灣銀行-網路銀行隨身版,4
19315,高錦松,5 顆星,2024年1月29日,方便迅速,玉山行動銀行,4
4678,方俊欽,5 顆星,2023年12月18日,滿不錯的,中國信託行動銀行 Home Bank,4
16665,rex wu,5 顆星,2023年7月30日,方便好用,永豐行動銀行,4
30616,高寶貴,5 顆星,2021年12月7日,使用方便,樂天國際商業銀行,4
21152,夏阿康,5 顆星,2022年3月20日,good,玉山行動銀行,4
26177,Chen May,3 顆星,2022年3月19日,無法更新,Richart,4
11756,陳若玲Anne RL Chen,1 顆星,2023年1月31日,快速方便,富邦行動銀行,4
2049,ccsu47,5 顆星,2022年11月29日,方便簡單,國泰世華網路銀行CUBE,4
9104,caitian cai,5 顆星,2022年1月6日,good,中國信託行動銀行 Home Bank,4
16543,David Pao,3 顆星,2023年10月6日,還不錯用,永豐行動銀行,4
14590,popo 0513,1 顆星,2022年8月12日,一直閃退,元大銀行 Yuanta Commercial Bank,4
3310,李沅龍,5 顆星,2022年4月7日,Good,國泰世華網路銀行CUBE,4
19936,慶鏜劉,4 顆星,2023年7月24日,方便快速,玉山行動銀行,4
5835,黃冠捷,5 顆星,2023年2月17日,服務親切,中國信託行動銀行 Home Bank,4
16861,巫芳有,5 顆星,2023年5月3日,方便快速,永豐行動銀行,4
5590,王菲兒,5 顆星,2023年4月23日,太感動了,中國信託行動銀行 Home Bank,4
2809,張文彬,5 顆星,2022年7月13日,快速方便,國泰世華網路銀行CUBE,4
4043,Steve Hsiao,5 顆星,2022年1月7日,迅速可靠,國泰世華網路銀行CUBE,4
12761,Richard Lin,5 顆星,2022年3月3日,很好用！,富邦行動銀行,4
11425,Dan Lin,4 顆星,2023年5月17日,介面清楚,富邦行動銀行,4
12596,陳小惠,5 顆星,2022年4月11日,方便好用,富邦行動銀行,4
25596,Aaker Wang,5 顆星,2023年2月1日,介面方便,Richart,4
826,shelin lo,5 顆星,2023年8月21日,繼續好用,國泰世華網路銀行CUBE,4
12783,鍾朕豐,5 顆星,2022年3月2日,好用方便,富邦行動銀行,4
2061,蘇秀,5 顆星,2022年11月27日,方便迅速,國泰世華網路銀行CUBE,4
23646,Ziva Chen,1 顆星,2022年9月12日,無法登入,台新銀行行動銀行,4
30463,陳威志,5 顆星,2022年8月22日,讚，好用,樂天國際商業銀行,4
8769,Kiki雅雯,4 顆星,2022年2月8日,蠻方便的,中國信託行動銀行 Home Bank,4
25658,明德國小莊怡君,5 顆星,2022年12月20日,方便快速,Richart,4
21077,陳名駒,5 顆星,2022年3月31日,簡單方便,玉山行動銀行,4
5123,Pei Lin,1 顆星,2023年8月25日,一直閃退,中國信託行動銀行 Home Bank,4
29155,吳秀男,5 顆星,2022年2月23日,真的很棒,DBS digibank TW 星展行動銀行,4
19859,廖啟雄,5 顆星,2023年8月10日,方便使用,玉山行動銀行,4
24326,andy (9253),4 顆星,2022年1月7日,相當實用,台新銀行行動銀行,4
25731,陳怡婷,5 顆星,2022年11月4日,good,Richart,4
6670,王文君,5 顆星,2022年8月23日,good,中國信託行動銀行 Home Bank,4
7259,黃小勇,4 顆星,2022年5月12日,方便快速,中國信託行動銀行 Home Bank,4
3968,vina Yeh,1 顆星,2022年1月20日,無法下載,國泰世華網路銀行CUBE,4
1938,邱煜程,5 顆星,2022年12月2日,GOOD,國泰世華網路銀行CUBE,4
16385,Joye Hsu,5 顆星,2023年12月28日,方便快速,永豐行動銀行,4
18093,林志傑,5 顆星,2024年1月10日,滿方便的,華南銀行+,4
682,林幾,5 顆星,2023年10月13日,交易快速,國泰世華網路銀行CUBE,4
4243,黃泳玲,4 顆星,2021年12月21日,便利性高,國泰世華網路銀行CUBE,4
67,chih kuang HSU,5 顆星,2024年3月14日,good,國泰世華網路銀行CUBE,4
20494,無一,1 顆星,2022年10月11日,超級耗電,玉山行動銀行,4
7130,楊皓鈞,5 顆星,2022年6月7日,good,中國信託行動銀行 Home Bank,4
8713,魏博志,4 顆星,2022年2月21日,方便快速,中國信託行動銀行 Home Bank,4
26988,葉雅娟,5 顆星,2023年11月25日,good,新光銀行,4
4006,Lishin Sung,5 顆星,2022年1月12日,簡便安全,國泰世華網路銀行CUBE,4
5429,廖俊凱,5 顆星,2023年6月5日,方便好用,中國信託行動銀行 Home Bank,4
29400,jeselin,1 顆星,2023年4月25日,強制更新,將來銀行 NEXT BANK,4
25953,張佳銘,4 顆星,2022年6月14日,還不錯用,Richart,4
7981,David Chen,5 顆星,2022年3月17日,Nice,中國信託行動銀行 Home Bank,4
17251,Yun-Tai Huang,5 顆星,2022年8月22日,不錯用。,永豐行動銀行,4
12891,顏美光,5 顆星,2022年1月30日,介面不錯,富邦行動銀行,4
29475,鄭萬能,5 顆星,2023年1月25日,好處多多,將來銀行 NEXT BANK,4
28423,李晨晨,1 顆星,2022年5月18日,開不起來,LINE Bank,4
5920,黄凱琛,5 顆星,2023年1月31日,good,中國信託行動銀行 Home Bank,4
5648,黃娍羚,5 顆星,2023年4月10日,非常好用,中國信託行動銀行 Home Bank,4
11366,鐘麗香,5 顆星,2023年6月5日,直觀快捷,富邦行動銀行,4
16447,李佳達,5 顆星,2023年11月25日,非常實用,永豐行動銀行,4
636,林妙妙,5 顆星,2023年11月1日,便利使用,國泰世華網路銀行CUBE,4
2952,小黎,5 顆星,2022年6月14日,好用快速,國泰世華網路銀行CUBE,4
6343,林光伯,5 顆星,2022年10月24日,方便快速,中國信託行動銀行 Home Bank,4
5486,陳俊良,3 顆星,2023年5月23日,轉帳便利,中國信託行動銀行 Home Bank,4
11250,Jo Huang (黃色芋頭粥),5 顆星,2023年7月10日,非常實用,富邦行動銀行,4
1176,徐慧貞,5 顆星,2023年5月2日,方便使用,國泰世華網路銀行CUBE,4
2180,yen志峰,5 顆星,2022年10月30日,很好使用,國泰世華網路銀行CUBE,4
17182,陳秀琪,5 顆星,2022年12月31日,流程順暢,永豐行動銀行,4
24765,CHUN-CHENG CHEN,5 顆星,2023年12月26日,很人性化,Richart,4
19179,cindy lin,5 顆星,2024年3月1日,Good,玉山行動銀行,4
19543,胡濰姍,4 顆星,2023年11月12日,還不錯用,玉山行動銀行,4
565,陳怡穎,5 顆星,2023年11月21日,方便快捷,國泰世華網路銀行CUBE,4
21053,吳坤展,1 顆星,2022年4月2日,非常難用,玉山行動銀行,4
27099,Mimi Hsieh,5 顆星,2023年11月24日,服務很好,新光銀行,4
925,唐詩雅,5 顆星,2023年7月24日,方便多了,國泰世華網路銀行CUBE,4
15336,莊啟仲,5 顆星,2023年3月20日,平安喜樂,第一銀行 第e行動,4
18578,林明結,5 顆星,2023年1月13日,簡單方便,華南銀行+,4
18313,鄭勝澤,5 顆星,2023年12月5日,Good,華南銀行+,4
30740,P CH,3 顆星,2023年10月3日,有待加強,臺灣銀行-網路銀行隨身版,4
11873,楊旭暉,4 顆星,2022年12月1日,蠻好用的,富邦行動銀行,4
30326,甯克強,5 顆星,2023年3月1日,樂天好讚,樂天國際商業銀行,4
6600,鍾David,5 顆星,2022年9月7日,方便快速,中國信託行動銀行 Home Bank,4
13198,Chen David,5 顆星,2021年11月11日,功能齊全,富邦行動銀行,4
21833,陳冠廷,1 顆星,2023年9月28日,很不方便,合作金庫銀行,4
3455,Luke Hsu,5 顆星,2022年3月28日,Good,國泰世華網路銀行CUBE,4
3309,朱鴻儀,5 顆星,2022年4月7日,方便正確,國泰世華網路銀行CUBE,4
7342,Yenjing Lee,5 顆星,2022年4月30日,不錯用喔,中國信託行動銀行 Home Bank,4
28340,C. F Chang,1 顆星,2022年7月6日,草率辦事,LINE Bank,4
1104,Radiance Chen,5 顆星,2023年5月25日,簡單易懂,國泰世華網路銀行CUBE,4
24859,隆鈞宇,1 顆星,2023年12月2日,無法使用,Richart,4
17143,Huang Pei Yu,5 顆星,2023年1月4日,真心推薦,永豐行動銀行,4
5203,Rick Chiu,1 顆星,2023年8月1日,無法下載,中國信託行動銀行 Home Bank,4
16979,洪元崧,5 顆星,2023年3月27日,迅速確實,永豐行動銀行,4
82,彭世宇,5 顆星,2024年3月13日,善愛緣合,國泰世華網路銀行CUBE,4
153,黃登燦,2 顆星,2024年2月24日,自行跳開,國泰世華網路銀行CUBE,4
23788,林能宏,5 顆星,2022年6月17日,讚喔～👍,台新銀行行動銀行,4
738,黃可馨（蜜桃貓貓）,1 顆星,2023年9月20日,常常當機,國泰世華網路銀行CUBE,4
8849,蔡素雲,5 顆星,2022年1月24日,服務很好,中國信託行動銀行 Home Bank,4
18234,淑姿陳,5 顆星,2023年12月30日,非常實用,華南銀行+,4
16711,徐益盛,5 顆星,2023年7月6日,轉帳好用,永豐行動銀行,4
12905,Thomas Kuo,5 顆星,2022年1月25日,使用方便,富邦行動銀行,4
4230,周滿玉,5 顆星,2021年12月22日,使用順暢,國泰世華網路銀行CUBE,4
17011,Robin Chen,5 顆星,2023年3月4日,簡單好用,永豐行動銀行,4
6308,MJ PL,5 顆星,2022年11月2日,方便安全,中國信託行動銀行 Home Bank,4
6702,吳鄭婉蓁,5 顆星,2022年8月17日,快速方便,中國信託行動銀行 Home Bank,4
30112,在地人,5 顆星,2024年2月17日,蠻好用的,樂天國際商業銀行,4
20157,yeikde wgtfjh,5 顆星,2023年6月2日,非常好用,玉山行動銀行,4
19963,Yl Chang,5 顆星,2023年7月12日,方便好用,玉山行動銀行,4
4077,Vic Chen,1 顆星,2022年1月5日,越來越爛,國泰世華網路銀行CUBE,4
25744,男彭士豪,5 顆星,2022年10月26日,功能不錯,Richart,4
21044,徐瑋呈,4 顆星,2022年4月2日,簡易好用,玉山行動銀行,4
27094,Shelley Hsu,5 顆星,2023年11月24日,新光服務,新光銀行,4
13964,張淑貞,1 顆星,2021年9月10日,裝不起來,兆豐銀行,4
8935,伍彥之,5 顆星,2022年1月12日,非常好用,中國信託行動銀行 Home Bank,4
12682,David66 Lo,5 顆星,2022年3月17日,good,富邦行動銀行,4
4915,劉金曄,5 顆星,2023年10月22日,相當方便,中國信託行動銀行 Home Bank,4
6272,陳玉玲,5 顆星,2022年11月8日,快速方便,中國信託行動銀行 Home Bank,4
16909,趙汗青,5 顆星,2023年4月14日,快速方便,永豐行動銀行,4
12213,Rex Wei,2 顆星,2022年7月18日,速度超慢,富邦行動銀行,4
18088,洪碧雯,5 顆星,2024年1月11日,便捷好用,華南銀行+,4
18678,陳啓蒼,5 顆星,2022年11月24日,方便好用,華南銀行+,4
1344,劉新龍,5 顆星,2023年3月22日,方便快速,國泰世華網路銀行CUBE,4
2829,王宏仁,5 顆星,2022年7月9日,繳費方便,國泰世華網路銀行CUBE,4
3076,禰津千代,5 顆星,2022年5月19日,方便好用,國泰世華網路銀行CUBE,4
27730,高喬,5 顆星,2022年6月28日,很實用！,新光銀行,4
25113,Jamie Lai,5 顆星,2023年8月19日,方便好用,Richart,4
6510,the pc,5 顆星,2022年9月21日,好用方便,中國信託行動銀行 Home Bank,4
15176,台灣教育失敗!台灣人還有救?,5 顆星,2021年10月1日,系統順暢,元大銀行 Yuanta Commercial Bank,4
19101,趙哲偉,5 顆星,2024年3月25日,方便好用,玉山行動銀行,4
27748,陳小瑛,2 顆星,2022年5月27日,無法登入,新光銀行,4
28022,張志賢,5 顆星,2023年8月11日,好的選擇,LINE Bank,4
3254,劉姵妏,5 顆星,2022年4月12日,很方便~,國泰世華網路銀行CUBE,4
12007,Lydia Lai,5 顆星,2022年9月16日,很人性化,富邦行動銀行,4
9517,Roy Cheng,5 顆星,2023年12月15日,簡明清楚,富邦行動銀行,4
15556,MORRIS LIN,2 顆星,2022年7月28日,不能開啟,第一銀行 第e行動,4
12709,chuan yang,5 顆星,2022年3月9日,Good,富邦行動銀行,4
26261,mimi Li,5 顆星,2022年2月18日,非常方便,Richart,4
14821,李大白,1 顆星,2022年3月28日,無法登入,元大銀行 Yuanta Commercial Bank,4
15344,張嘉洋,1 顆星,2023年3月7日,無法開啟,第一銀行 第e行動,4
3236,05何峻宇,5 顆星,2022年4月15日,方便省時,國泰世華網路銀行CUBE,4
29092,Derek Wang,5 顆星,2022年3月14日,Good,DBS digibank TW 星展行動銀行,4
11816,Rico Lin,3 顆星,2022年12月31日,Good,富邦行動銀行,4
29183,Sam Pacino,5 顆星,2021年11月28日,Good,DBS digibank TW 星展行動銀行,4
11410,志豪楊,5 顆星,2023年5月22日,100分,富邦行動銀行,4
9731,陳文（家蓉）,1 顆星,2023年10月26日,耗時難用,富邦行動銀行,4
31007,chiali hsiao,5 顆星,2022年7月30日,good,臺灣銀行-網路銀行隨身版,4
15752,劉祐嘉,5 顆星,2022年2月12日,便利性高,第一銀行 第e行動,4
20725,大紅豆,4 顆星,2022年8月3日,Good,玉山行動銀行,4
2459,張大群,5 顆星,2022年9月7日,迅速方便,國泰世華網路銀行CUBE,4
2495,張阿貓,5 顆星,2022年8月30日,Good,國泰世華網路銀行CUBE,4
2410,范碧華,5 顆星,2022年9月19日,快速好用,國泰世華網路銀行CUBE,4
15754,Alvin,5 顆星,2022年2月9日,使用順利,第一銀行 第e行動,4
25845,陳志堅,5 顆星,2022年8月19日,方便實用,Richart,4
7904,K.S. Yeh,5 顆星,2022年3月20日,Good,中國信託行動銀行 Home Bank,4
4036,Yen-Chih Chen,5 顆星,2022年1月7日,good,國泰世華網路銀行CUBE,4
17012,吳宣儀,5 顆星,2023年3月4日,簡潔好用,永豐行動銀行,4
1850,易世偉,5 顆星,2022年12月13日,使用方便,國泰世華網路銀行CUBE,4
6243,湯梁順,5 顆星,2022年11月12日,專業好用,中國信託行動銀行 Home Bank,4
12392,張玉芬,5 顆星,2022年6月5日,簡單好用,富邦行動銀行,4
16632,簡汎晟,5 顆星,2023年8月17日,方便快速,永豐行動銀行,4
17516,Fort 林福德,5 顆星,2021年12月26日,Good,永豐行動銀行,4
10059,吳永安,1 顆星,2023年8月4日,無法轉帳,富邦行動銀行,4
5451,Cui chau Chang,5 顆星,2023年5月31日,好用，讚,中國信託行動銀行 Home Bank,4
25439,Chao Wen Lin,1 顆星,2023年6月3日,頻頻閃退,Richart,4
3989,鄭蓓苓,5 顆星,2022年1月17日,方便實用,國泰世華網路銀行CUBE,4
11122,高翔,1 顆星,2023年7月14日,無法更新,富邦行動銀行,4
1154,蕭修仁,5 顆星,2023年5月10日,好便利！,國泰世華網路銀行CUBE,4
631,順成洪,5 顆星,2023年11月2日,快速簡便,國泰世華網路銀行CUBE,4
19058,Hsieh George,5 顆星,2024年4月3日,nice,玉山行動銀行,4
10279,Crocro Soo,1 顆星,2023年7月15日,當機啦！,富邦行動銀行,4
25959,李少君,5 顆星,2022年6月8日,超便利的,Richart,4
7035,路西法,5 顆星,2022年6月18日,親切方便,中國信託行動銀行 Home Bank,4
13973,陳和元,5 顆星,2021年8月25日,很實 用,兆豐銀行,4
3613,小J,1 顆星,2022年3月8日,無法更新,國泰世華網路銀行CUBE,4
7769,快樂王子,1 顆星,2022年3月28日,無法下載,中國信託行動銀行 Home Bank,4
2804,大牌金,5 顆星,2022年7月14日,非常好用,國泰世華網路銀行CUBE,4
2083,Jo Jo,4 顆星,2022年11月21日,方便使用,國泰世華網路銀行CUBE,4
13139,陳艶華,4 顆星,2021年11月25日,貼近人性,富邦行動銀行,4
26291,洪玉霜,1 顆星,2022年2月8日,更新太慢,Richart,4
19750,許震宏,5 顆星,2023年9月29日,方便快速,玉山行動銀行,4
19251,Crystal Lin,5 顆星,2024年2月15日,方便安全,玉山行動銀行,4
6280,黃永軒,5 顆星,2022年11月7日,安全快速,中國信託行動銀行 Home Bank,4
31408,王治國,5 顆星,2021年10月8日,方便快速,臺灣銀行-網路銀行隨身版,4
6262,shizuka chen,1 顆星,2022年11月9日,無法登入,中國信託行動銀行 Home Bank,4
3803,江佩茹,5 顆星,2022年2月10日,方便使用,國泰世華網路銀行CUBE,4
20210,李奧養樂多,5 顆星,2023年5月29日,讚 五星,玉山行動銀行,4
6762,凱倫簡,5 顆星,2022年8月6日,Good,中國信託行動銀行 Home Bank,4
16962,LEE TEE Tan,5 顆星,2023年4月4日,good,永豐行動銀行,4
7149,周翠鳳,4 顆星,2022年6月3日,快速明暸,中國信託行動銀行 Home Bank,4
6220,陳怡雁,5 顆星,2022年11月17日,好方便~,中國信託行動銀行 Home Bank,4
15540,倫貝爾,1 顆星,2022年8月5日,開不起來,第一銀行 第e行動,4
6137,Yoga,2 顆星,2022年12月5日,廣告太多,中國信託行動銀行 Home Bank,4
12444,Alex Tang,5 顆星,2022年5月24日,好用哦！,富邦行動銀行,4
1961,James James,1 顆星,2022年12月1日,越改越爛,國泰世華網路銀行CUBE,4
855,林文彰,1 顆星,2023年8月15日,不會使用,國泰世華網路銀行CUBE,4
29618,jian liu,5 顆星,2022年10月28日,Good,將來銀行 NEXT BANK,4
16487,楊昇錡,5 顆星,2023年11月7日,好用方便,永豐行動銀行,4
26947,李允玄,5 顆星,2023年11月25日,Good,新光銀行,4
3846,Debbie Lin,5 顆星,2022年2月1日,就是好用,國泰世華網路銀行CUBE,4
1744,莊智信,5 顆星,2023年1月3日,方便好用,國泰世華網路銀行CUBE,4
16563,高明詩,5 顆星,2023年10月1日,方便快速,永豐行動銀行,4
20166,Tan Mitia,5 顆星,2023年6月1日,迅速方便,玉山行動銀行,4
9745,廖珮敏,1 顆星,2023年10月19日,登入失敗,富邦行動銀行,4
16312,劉訓智,5 顆星,2024年2月6日,好用，讚,永豐行動銀行,4
18566,邱偉展,5 顆星,2023年1月22日,good,華南銀行+,4
1235,益全,4 顆星,2023年4月16日,ookk,國泰世華網路銀行CUBE,4
20,陳柏澄（Fisher Mao）,5 顆星,2024年3月25日,Good,國泰世華網路銀行CUBE,4
7819,chef37371917,1 顆星,2022年3月24日,無法下載,中國信託行動銀行 Home Bank,4
6106,江俊賢,5 顆星,2022年12月10日,非常方便,中國信託行動銀行 Home Bank,4
8754,安德魯蔡,5 顆星,2022年2月11日,方便好用,中國信託行動銀行 Home Bank,4
28802,陳心怡,5 顆星,2023年12月29日,方便好用,DBS digibank TW 星展行動銀行,4
8851,陳祐熙,5 顆星,2022年1月23日,good,中國信託行動銀行 Home Bank,4
9032,錢鼎宏,5 顆星,2022年1月8日,很棒好用,中國信託行動銀行 Home Bank,4
10235,林叮叮,1 顆星,2023年7月15日,無法更新,富邦行動銀行,4
12431,Aming Shen,5 顆星,2022年5月28日,系統穩定,富邦行動銀行,4
16706,張逸杰,5 顆星,2023年7月7日,快速方便,永豐行動銀行,4
28200,弟弟想被大屌幹,4 顆星,2022年12月4日,方便好用,LINE Bank,4
7158,歐sally,5 顆星,2022年6月1日,好用快速,中國信託行動銀行 Home Bank,4
24318,chang km,5 顆星,2022年1月8日,方便使用,台新銀行行動銀行,4
16127,Mei Hua Chuang,1 顆星,2021年9月12日,無法下載,第一銀行 第e行動,4
23130,陳詰勳,1 顆星,2022年10月19日,一直當机,凱基銀行,4
6499,ALISTER LEE,5 顆星,2022年9月23日,非常實用,中國信託行動銀行 Home Bank,4
13938,新偉,5 顆星,2021年9月20日,Good,兆豐銀行,4
11413,Chen Tom,5 顆星,2023年5月20日,好用直覺,富邦行動銀行,4
11656,Chanel Lin,5 顆星,2023年3月17日,簡單好用,富邦行動銀行,4
118,顏玉珊,1 顆星,2024年3月1日,閃退……,國泰世華網路銀行CUBE,4
21235,黃思宇,5 顆星,2022年2月23日,方便好用,玉山行動銀行,4
1142,Queenie Liu,5 顆星,2023年5月16日,方便好用,國泰世華網路銀行CUBE,4
3431,Amanda Chou,5 顆星,2022年4月1日,操作方便,國泰世華網路銀行CUBE,4
25187,簡榮凰,1 顆星,2023年8月10日,真的變爛,Richart,4
17215,蔣在德,5 顆星,2022年11月13日,給我聯絡,永豐行動銀行,4
31302,薛仁堯,4 顆星,2022年1月20日,Good,臺灣銀行-網路銀行隨身版,4
3116,黃apple,5 顆星,2022年5月10日,good,國泰世華網路銀行CUBE,4
5071,詹鳳娥,5 顆星,2023年9月5日,Good,中國信託行動銀行 Home Bank,4
13014,李Jane,5 顆星,2022年1月1日,順手好用,富邦行動銀行,4
26498,Chen Cynthia,1 顆星,2021年12月2日,更新不了,Richart,4
25724,潘鳳凰,4 顆星,2022年11月9日,很好用。,Richart,4
7739,胡瓅云,5 顆星,2022年3月29日,便利快速,中國信託行動銀行 Home Bank,4
9615,佳炆,5 顆星,2023年11月24日,非常好用,富邦行動銀行,4
11655,張叔君,5 顆星,2023年3月17日,簡易方便,富邦行動銀行,4
6765,Grace Kuan,5 顆星,2022年8月6日,方便快捷,中國信託行動銀行 Home Bank,4
28989,James Hung,1 顆星,2023年8月14日,真的難用,DBS digibank TW 星展行動銀行,4
7066,林能宏,5 顆星,2022年6月17日,讚喔～👍,中國信託行動銀行 Home Bank,4
15124,明勳.呂,1 顆星,2021年10月26日,爛程式！,元大銀行 Yuanta Commercial Bank,4
24005,EDWARD SUN,5 顆星,2022年3月2日,Good,台新銀行行動銀行,4
8255,劉芳慈,3 顆星,2022年3月12日,不會操作,中國信託行動銀行 Home Bank,4
12755,Jerry Huang,5 顆星,2022年3月4日,順暢老用,富邦行動銀行,4
25950,Lisa,4 顆星,2022年6月20日,好用方便,Richart,4
26885,楊小姐,5 顆星,2023年11月26日,操作容易,新光銀行,4
3900,Ryan Lin,5 顆星,2022年1月25日,有改善。,國泰世華網路銀行CUBE,4
25727,鄭美玲,5 顆星,2022年11月6日,快速方便,Richart,4
2984,葉峰裕,5 顆星,2022年6月8日,好用實惠,國泰世華網路銀行CUBE,4
26180,卓欣怡,1 顆星,2022年3月18日,不能更新,Richart,4
12882,陳樂樂,5 顆星,2022年2月3日,good,富邦行動銀行,4
5371,bo ewnkwos,5 顆星,2023年6月21日,good,中國信託行動銀行 Home Bank,4
12134,Oliver Lin,5 顆星,2022年8月3日,使用方便,富邦行動銀行,4
12843,LUNG HUI,5 顆星,2022年2月10日,清楚實用,富邦行動銀行,4
29474,周民慧,4 顆星,2023年1月29日,優惠存款,將來銀行 NEXT BANK,4
1308,顏偉翔,5 顆星,2023年3月30日,方便使用,國泰世華網路銀行CUBE,4
30205,youtou hime,5 顆星,2023年8月29日,方便好用,樂天國際商業銀行,4
13129,維多多,1 顆星,2021年11月29日,更新壞了,富邦行動銀行,4
26354,陳美鳳,1 顆星,2022年1月14日,無法更新,Richart,4
11997,Naomi Lee,5 顆星,2022年9月23日,非常流暢,富邦行動銀行,4
13184,吉貴興,5 顆星,2021年11月12日,使用順差,富邦行動銀行,4
16399,潘師傅,5 顆星,2023年12月20日,方便快捷,永豐行動銀行,4
2578,yuan pao Chung,5 顆星,2022年8月15日,方便簡易,國泰世華網路銀行CUBE,4
5937,大根鼠,4 顆星,2023年1月25日,方便好用,中國信託行動銀行 Home Bank,4
2562,李銘號,5 顆星,2022年8月18日,方便好用,國泰世華網路銀行CUBE,4
3181,鄭吉,1 顆星,2022年4月26日,爛上不去,國泰世華網路銀行CUBE,4
19980,亡友,5 顆星,2023年7月8日,非常好用,玉山行動銀行,4
12098,陳祖,5 顆星,2022年8月12日,好棒棒~,富邦行動銀行,4
22817,吳姿宜,5 顆星,2023年3月5日,不錯使用,凱基銀行,4
13740,Mandy黃,1 顆星,2022年1月5日,無法更新,兆豐銀行,4
29038,高義桐,5 顆星,2023年3月13日,Good,DBS digibank TW 星展行動銀行,4
7760,Smiles Wang,5 顆星,2022年3月28日,方便使用,中國信託行動銀行 Home Bank,4
2785,黃小凱,5 顆星,2022年7月18日,非常好用,國泰世華網路銀行CUBE,4
28393,李志強,5 顆星,2022年6月16日,初次使用,LINE Bank,4
4108,Sony Zhang,1 顆星,2022年1月5日,轉帳很爛,國泰世華網路銀行CUBE,4
12565,林小穎,5 顆星,2022年4月21日,還不錯用,富邦行動銀行,4
17064,Orsino Sung,5 顆星,2023年1月16日,很好用！,永豐行動銀行,4
7028,明華林,2 顆星,2022年6月19日,越來越差,中國信託行動銀行 Home Bank,4
11987,陳貓媽,5 顆星,2022年10月4日,方便快速,富邦行動銀行,4
3745,JOHNNY JOHNNY,5 顆星,2022年2月19日,完整展現,國泰世華網路銀行CUBE,4
30118,讚讚讚,5 顆星,2024年2月17日,簡潔明瞭,樂天國際商業銀行,4
4642,張張智子,5 顆星,2023年12月30日,數度很快,中國信託行動銀行 Home Bank,4
9372,見城哲太,5 顆星,2024年2月4日,Good,富邦行動銀行,4
11576,Mike Lee,5 顆星,2023年4月8日,Good,富邦行動銀行,4
17640,楊世英,1 顆星,2021年11月24日,無法更新,永豐行動銀行,4
19222,李道凱,5 顆星,2024年2月22日,簡單方便,玉山行動銀行,4
8826,王靖雯,4 顆星,2022年1月27日,還算順手,中國信託行動銀行 Home Bank,4
17033,盧小布,5 顆星,2023年2月27日,方便好用,永豐行動銀行,4
6608,Chen Sherry,5 顆星,2022年9月6日,安全方便,中國信託行動銀行 Home Bank,4
11522,Chinpao Huang,5 顆星,2023年4月25日,順手方便,富邦行動銀行,4
3187,wmh wmh,1 顆星,2022年4月26日,無法更新,國泰世華網路銀行CUBE,4
19170,King Duck,5 顆星,2024年3月4日,讚 方便,玉山行動銀行,4
8402,陳龍,1 顆星,2022年3月12日,無法開起,中國信託行動銀行 Home Bank,4
1222,連嘉娟,5 顆星,2023年4月21日,快速便利,國泰世華網路銀行CUBE,4
25393,許振芳,5 顆星,2023年7月7日,使用便利,Richart,4
26962,美娟,5 顆星,2023年11月25日,Good,新光銀行,4
6105,陳榮位,5 顆星,2022年12月10日,好用方便,中國信託行動銀行 Home Bank,4
16238,張耿誌燈張耿誌沒,5 顆星,2024年3月21日,無法更新,永豐行動銀行,4
16982,コウウンエン,5 顆星,2023年3月17日,方便好用,永豐行動銀行,4
15364,harrison,5 顆星,2023年2月24日,Good,第一銀行 第e行動,4
2606,戴祥安,5 顆星,2022年8月9日,一指搞定,國泰世華網路銀行CUBE,4
26130,Hsiar Chen,1 顆星,2022年3月25日,無法更新,Richart,4
23604,張耿誌燈張耿誌沒,1 顆星,2022年10月4日,無法更新,台新銀行行動銀行,4
15223,侯慧伶,5 顆星,2023年12月5日,很棒好用,第一銀行 第e行動,4
18428,蘇裕夆,4 顆星,2023年6月6日,還算順暢,華南銀行+,4
18170,林主任,5 顆星,2024年1月3日,非常滿竟,華南銀行+,4
28304,zoey HO,5 顆星,2022年8月6日,Good,LINE Bank,4
9895,yulin lee,5 顆星,2023年9月12日,簡單明瞭,富邦行動銀行,4
25484,天秤兔（天秤兔）,5 顆星,2023年5月8日,方便好用,Richart,4
6959,江冠廷,4 顆星,2022年6月30日,目前還行,中國信託行動銀行 Home Bank,4
5840,謝宗城,5 顆星,2023年2月16日,方便實用,中國信託行動銀行 Home Bank,4
27091,Rita Hsiao,5 顆星,2023年11月24日,介面漂亮,新光銀行,4
11358,許新圻,5 顆星,2023年6月6日,方便使用,富邦行動銀行,4
30610,秋凱（凱哥）,5 顆星,2021年12月13日,簡便迅速,樂天國際商業銀行,4
2910,林宜慧,5 顆星,2022年6月23日,方便快速,國泰世華網路銀行CUBE,4
27077,Rita Lu,5 顆星,2023年11月25日,很好用.,新光銀行,4
14095,何天德,5 顆星,2021年7月8日,GOOD,兆豐銀行,4
11867,鄭小蘭,5 顆星,2022年12月3日,good,富邦行動銀行,4
28464,浩浩的閃擊戰日常影片,1 顆星,2022年4月14日,無法截圖,LINE Bank,4
20144,楊政強,5 顆星,2023年6月3日,快速安全,玉山行動銀行,4
4183,鍾嘉玲,5 顆星,2021年12月27日,方便快速,國泰世華網路銀行CUBE,4
9157,打不死的大叔,5 顆星,2021年12月28日,方便快速,中國信託行動銀行 Home Bank,4
25885,vj,5 顆星,2022年7月25日,方便好用,Richart,4
26289,REI FUKUDA,5 顆星,2022年2月9日,目前方便,Richart,4
12888,千芳林,5 顆星,2022年2月1日,好用方便,富邦行動銀行,4
8819,Mello Ciao,1 顆星,2022年1月28日,要手續費,中國信託行動銀行 Home Bank,4
17963,翁盛家,5 顆星,2024年2月8日,還不錯用,華南銀行+,4
23729,吳文馨,5 顆星,2022年7月24日,Nice,台新銀行行動銀行,4
16461,W.N. CHEN,5 顆星,2023年11月20日,方便順暢,永豐行動銀行,4
2427,莊大永,5 顆星,2022年9月14日,很好用。,國泰世華網路銀行CUBE,4
20206,周慧鄉,5 顆星,2023年5月30日,轉帳方便,玉山行動銀行,4
11752,東人林,5 顆星,2023年1月31日,方便操作,富邦行動銀行,4
11192,簡曉雯,5 顆星,2023年7月14日,無法更新,富邦行動銀行,4
14183,夏莉娟,5 顆星,2023年12月13日,很好用！,元大銀行 Yuanta Commercial Bank,4
12241,李芸嫻,5 顆星,2022年7月14日,謹慎專業,富邦行動銀行,4
11955,蔡東田,4 顆星,2022年10月20日,good,富邦行動銀行,4
29191,廖芳秋,5 顆星,2021年10月26日,方便好用,DBS digibank TW 星展行動銀行,4
8630,christie chan,5 顆星,2022年3月12日,快速更新,中國信託行動銀行 Home Bank,4
16547,陳昀鴻,5 顆星,2023年10月5日,服務專業,永豐行動銀行,4
13957,胡正恒,5 顆星,2021年9月14日,快速好用,兆豐銀行,4
3483,陳家豪,5 顆星,2022年3月23日,很方便。,國泰世華網路銀行CUBE,4
4158,Kong K,4 顆星,2021年12月29日,蠻方便的,國泰世華網路銀行CUBE,4
12272,王有俊,5 顆星,2022年7月7日,ok !,富邦行動銀行,4
3854,李素靜,1 顆星,2022年1月29日,不会操作,國泰世華網路銀行CUBE,4
4909,Pan-Kai Chou,5 顆星,2023年10月24日,一目瞭然,中國信託行動銀行 Home Bank,4
3714,Hsuanz,5 顆星,2022年2月23日,方便好用,國泰世華網路銀行CUBE,4
13209,allen lai,5 顆星,2021年11月8日,很好用的,富邦行動銀行,4
7321,侯小燕,5 顆星,2022年5月4日,方便迅速,中國信託行動銀行 Home Bank,4
2227,DQ H,5 顆星,2022年10月19日,good,國泰世華網路銀行CUBE,4
13221,維可,5 顆星,2021年11月5日,非常好用,富邦行動銀行,4
29664,陳振樑,5 顆星,2022年9月28日,很好開戶,將來銀行 NEXT BANK,4
2878,梁幸恩,5 顆星,2022年7月1日,簡易快速,國泰世華網路銀行CUBE,4
26835,KENNY,5 顆星,2023年11月26日,新版好用,新光銀行,4
21764,yaling lin,5 顆星,2024年1月4日,方便實用,合作金庫銀行,4
16429,luby,5 顆星,2023年12月4日,操作簡單,永豐行動銀行,4
20314,楊建宏,1 顆星,2023年4月5日,有夠難用,玉山行動銀行,4
19584,man x,5 顆星,2023年11月1日,good,玉山行動銀行,4
9207,蔣Dandan,5 顆星,2024年4月2日,Good,富邦行動銀行,4
19954,陳立夆（LiFeng Chen）,5 顆星,2023年7月16日,方便好用,玉山行動銀行,4
19111,三徠實業有限公司 嬰兒用品批發.玩具批發,5 顆星,2024年3月22日,操作簡單,玉山行動銀行,4
11998,Yuna Chen,4 顆星,2022年9月23日,簡單易懂,富邦行動銀行,4
11376,may day,5 顆星,2023年6月3日,用習慣了,富邦行動銀行,4
440,劉慧雯,5 顆星,2023年12月19日,方便使用,國泰世華網路銀行CUBE,4
27011,Vincent Chen,4 顆星,2023年11月25日,good,新光銀行,4
12813,張延泰,5 顆星,2022年2月22日,快速親切,富邦行動銀行,4
1712,yang yang,5 顆星,2023年1月9日,一目瞭然,國泰世華網路銀行CUBE,4
26198,蔡東利,4 顆星,2022年3月17日,方便快捷,Richart,4
3840,David Huang,4 顆星,2022年2月2日,good,國泰世華網路銀行CUBE,4
2163,張盛堂,5 顆星,2022年11月3日,服務很棒,國泰世華網路銀行CUBE,4
1334,chy chy,5 顆星,2023年3月23日,good,國泰世華網路銀行CUBE,4
25512,洪肇甫,5 顆星,2023年4月17日,創新迅捷,Richart,4
13245,洪淑惠,5 顆星,2021年11月3日,使用方便,富邦行動銀行,4
3830,曾正中,5 顆星,2022年2月6日,方便好用,國泰世華網路銀行CUBE,4
4027,蔡秀霞,5 顆星,2022年1月10日,簡單方便,國泰世華網路銀行CUBE,4
12876,和光惠,5 顆星,2022年2月4日,非常滿意,富邦行動銀行,4
31301,吳孟倫,5 顆星,2022年1月22日,方便實用,臺灣銀行-網路銀行隨身版,4
3799,顏小勝,4 顆星,2022年2月10日,nice,國泰世華網路銀行CUBE,4
3423,邱榮文,5 顆星,2022年4月1日,好便利讚,國泰世華網路銀行CUBE,4
8052,31賴明全,5 顆星,2022年3月15日,好棒好棒,中國信託行動銀行 Home Bank,4
9664,Dadun Hsu,4 顆星,2023年11月11日,查詢方便,富邦行動銀行,4
9674,飛蚊,5 顆星,2023年11月9日,容易使用,富邦行動銀行,4
19712,曾昭凱,5 顆星,2023年10月5日,good,玉山行動銀行,4
2708,亞外馬洪,1 顆星,2022年7月25日,更新很久,國泰世華網路銀行CUBE,4
3308,Jack,5 顆星,2022年4月8日,方便好用,國泰世華網路銀行CUBE,4
8220,張國雄,5 顆星,2022年3月13日,服務好，,中國信託行動銀行 Home Bank,4
28571,Alice Xie,1 顆星,2022年3月1日,一直閃退,LINE Bank,4
16251,陳連偉,4 顆星,2024年3月14日,使用方便,永豐行動銀行,4
1740,Sam Chang,5 顆星,2023年1月4日,方便好用,國泰世華網路銀行CUBE,4
7721,洋,5 顆星,2022年3月31日,good,中國信託行動銀行 Home Bank,4
19399,秘密,5 顆星,2023年12月25日,方便快速,玉山行動銀行,4
5703,kai lin kuan,5 顆星,2023年3月27日,很方便。,中國信託行動銀行 Home Bank,4
30357,黃大仁,5 顆星,2022年12月23日,方便，讚,樂天國際商業銀行,4
20045,羅晟展（羅云杉 爸爸）,5 顆星,2023年6月20日,非常方便,玉山行動銀行,4
16863,Fang Tony,5 顆星,2023年5月3日,安全方便,永豐行動銀行,4
8855,Y.r. Chang,5 顆星,2022年1月23日,方便實用,中國信託行動銀行 Home Bank,4
15019,薛明璋,1 顆星,2021年12月8日,無法登入,元大銀行 Yuanta Commercial Bank,4
19409,"CHAO-CHENG WU,",5 顆星,2023年12月20日,很好使用,玉山行動銀行,4
9908,Joey Chen,5 顆星,2023年9月9日,非常方便,富邦行動銀行,4
16454,李戎帥,5 顆星,2023年11月22日,好用方便,永豐行動銀行,4
17756,葉佐正,5 顆星,2021年7月18日,下嘔不著,永豐行動銀行,4
19359,17陳晨心,5 顆星,2024年1月11日,方便迅速,玉山行動銀行,4
3526,劉羅美蓮,5 顆星,2022年3月12日,Nice,國泰世華網路銀行CUBE,4
809,陳霓珄,5 顆星,2023年8月24日,忘了開掛,國泰世華網路銀行CUBE,4
3303,吳郁萱,5 顆星,2022年4月8日,方便好用,國泰世華網路銀行CUBE,4
7034,Kuihao Chang,5 顆星,2022年6月19日,相當好用,中國信託行動銀行 Home Bank,4
10215,a021 Lin,1 顆星,2023年7月15日,無法使用,富邦行動銀行,4
19309,Evens Twu,5 顆星,2024年1月31日,快捷方便,玉山行動銀行,4
19758,施建州,5 顆星,2023年9月27日,非常好用,玉山行動銀行,4
17025,洪雅柔,5 顆星,2023年3月1日,方便迅速,永豐行動銀行,4
25756,佳炆,5 顆星,2022年10月14日,非常好用,Richart,4
21545,何建男,5 顆星,2021年11月2日,GoOd,玉山行動銀行,4
26490,herroaki chen,5 顆星,2021年12月5日,非常好用,Richart,4
19576,Chris Chang,5 顆星,2023年11月2日,快速好用,玉山行動銀行,4
18277,葉梅蘭,5 顆星,2023年12月28日,速度變快,華南銀行+,4
24109,張淳皓,1 顆星,2022年1月28日,無法更新,台新銀行行動銀行,4
23537,Frenzied Curry,1 顆星,2023年1月13日,瘋狂當機,台新銀行行動銀行,4
11976,小祐,5 顆星,2022年10月7日,方便好用,富邦行動銀行,4
5252,Jill Lee,4 顆星,2023年7月21日,使用便捷,中國信託行動銀行 Home Bank,4
18000,Jensen ONG,5 顆星,2024年1月31日,改善不少,華南銀行+,4
5076,Kaina Chung,5 顆星,2023年9月4日,很方便用,中國信託行動銀行 Home Bank,4
16141,江小穎,1 顆星,2021年9月11日,真心難用,第一銀行 第e行動,4
31175,黃玉真,5 顆星,2022年5月25日,Good,臺灣銀行-網路銀行隨身版,4
26914,吳德琳,5 顆星,2023年11月25日,操作順暢,新光銀行,4
30638,汪子雲,5 顆星,2021年11月15日,方便好用,樂天國際商業銀行,4
6777,yuyang Sun,5 顆星,2022年8月3日,非常安全,中國信託行動銀行 Home Bank,4
22359,卉妮王（Haley）,3 顆星,2021年6月29日,下載很慢,合作金庫銀行,4
959,jackie hung,5 顆星,2023年7月8日,Good,國泰世華網路銀行CUBE,4
19725,蕭仁德,5 顆星,2023年10月5日,非常好用,玉山行動銀行,4
18052,林文欽,5 顆星,2024年1月16日,good,華南銀行+,4
26919,Fulin Hsue,5 顆星,2023年11月25日,簡單好用,新光銀行,4
9092,鄭如伶,5 顆星,2022年1月8日,方便使用,中國信託行動銀行 Home Bank,4
12724,心君,5 顆星,2022年3月7日,方便快速,富邦行動銀行,4
11594,柳迎風,5 顆星,2023年4月4日,方便快速,富邦行動銀行,4
5864,Hwasoo Lee,5 顆星,2023年2月12日,Good,中國信託行動銀行 Home Bank,4
806,林梓平,5 顆星,2023年8月25日,方便快速,國泰世華網路銀行CUBE,4
3173,Tsai Vick,5 顆星,2022年4月27日,非常好用,國泰世華網路銀行CUBE,4
3307,涂小勻,5 顆星,2022年4月8日,方便快速,國泰世華網路銀行CUBE,4
13041,Chen Lynn,1 顆星,2021年12月23日,普普通通,富邦行動銀行,4
12179,張士聞,5 顆星,2022年7月24日,操作方便,富邦行動銀行,4
12725,陳清香,5 顆星,2022年3月7日,簡便好用,富邦行動銀行,4
7226,許煌林,5 顆星,2022年5月19日,good,中國信託行動銀行 Home Bank,4
25952,張小文,5 顆星,2022年6月15日,好用方便,Richart,4
28381,Lala Lu,4 顆星,2022年6月23日,嗯，普通,LINE Bank,4
25399,胡小乖,5 顆星,2023年7月2日,好用方便,Richart,4
31363,Fox Hu,5 顆星,2021年10月27日,方便好用,臺灣銀行-網路銀行隨身版,4
27053,bor song Chang,5 顆星,2023年11月25日,值得推薦,新光銀行,4
31269,夢伊,1 顆星,2022年4月1日,爛得要死,臺灣銀行-網路銀行隨身版,4
2250,詹秋娥,3 顆星,2022年10月14日,方便快數,國泰世華網路銀行CUBE,4
13899,chuchu hou,1 顆星,2021年10月7日,無法更新,兆豐銀行,4
16402,城堡壘球場隊長,5 顆星,2023年12月18日,非常方便,永豐行動銀行,4
1190,Wu Tina,4 顆星,2023年4月28日,good,國泰世華網路銀行CUBE,4
25977,家承,5 顆星,2022年5月27日,台新加油,Richart,4
11058,Loye Lo,4 顆星,2023年7月14日,更新失敗,富邦行動銀行,4
19631,teresa yen,5 顆星,2023年10月21日,方便快速,玉山行動銀行,4
19697,蔡名女,3 顆星,2023年10月7日,家庭日歐,玉山行動銀行,4
19254,美賢,5 顆星,2024年2月15日,good,玉山行動銀行,4
19205,白嘯天,5 顆星,2024年2月26日,方便好用,玉山行動銀行,4
16448,王詠萱,5 顆星,2023年11月24日,效率很好,永豐行動銀行,4
1103,星光永恆,5 顆星,2023年5月25日,換匯方便,國泰世華網路銀行CUBE,4
9384,姜清海,5 顆星,2024年2月2日,使用方便,富邦行動銀行,4
19714,賴慶興,5 顆星,2023年10月5日,Good,玉山行動銀行,4
12571,Vicky Ma,5 顆星,2022年4月19日,介面容易,富邦行動銀行,4
5643,張秉彥,5 顆星,2023年4月10日,好用方便,中國信託行動銀行 Home Bank,4
5332,張靜雯,5 顆星,2023年7月5日,好用方便,中國信託行動銀行 Home Bank,4
3099,許玉君,4 顆星,2022年5月13日,棒棒棒棒,國泰世華網路銀行CUBE,4
8928,傅子儀,5 顆星,2022年1月13日,方便好用,中國信託行動銀行 Home Bank,4
21808,侯志坤,5 顆星,2023年11月4日,Good,合作金庫銀行,4
7090,楊宗儒,1 顆星,2022年6月13日,難用死了,中國信託行動銀行 Home Bank,4
2840,邱雯玲,5 顆星,2022年7月7日,方便快速,國泰世華網路銀行CUBE,4
9906,蔡玲玲,5 顆星,2023年9月10日,讚👍👍👍,富邦行動銀行,4
16619,金蓓芬,5 顆星,2023年8月27日,簡易便捷,永豐行動銀行,4
2374,Orlando黃,5 顆星,2022年9月26日,使用方便,國泰世華網路銀行CUBE,4
18950,Sorot Nonthing (Joe โจ้),5 顆星,2022年8月24日,Good,華南銀行+,4
9512,Gingerlily D.,5 顆星,2023年12月17日,非常便利,富邦行動銀行,4
13253,蔡搖奇,5 顆星,2021年11月2日,方便好用,富邦行動銀行,4
6413,蘇悠婷,5 顆星,2022年10月8日,非常便利,中國信託行動銀行 Home Bank,4
12588,時逸鴻,5 顆星,2022年4月13日,好用哦！,富邦行動銀行,4
13897,恍惚,1 顆星,2021年10月7日,無法下載,兆豐銀行,4
5580,Patty Wu,5 顆星,2023年4月26日,nice,中國信託行動銀行 Home Bank,4
4413,敏慧,5 顆星,2024年3月2日,方便好用,中國信託行動銀行 Home Bank,4
30741,薛世勤,5 顆星,2023年10月3日,便捷實用,臺灣銀行-網路銀行隨身版,4
9411,陳晧宇,5 顆星,2024年1月24日,直觀使用,富邦行動銀行,4
4942,Stanley Huang,5 顆星,2023年10月16日,很方便👍,中國信託行動銀行 Home Bank,4
18253,彩雲黃,1 顆星,2023年12月29日,無法更新,華南銀行+,4
20027,陳柏成,5 顆星,2023年6月25日,就是讚！,玉山行動銀行,4
9455,KUEEN HSU_SK (享崐),4 顆星,2024年1月8日,迅速確實,富邦行動銀行,4
798,hueytyng kou,5 顆星,2023年8月29日,超方便！,國泰世華網路銀行CUBE,4
1049,anderson1119 Afar,5 顆星,2023年6月6日,方便快速,國泰世華網路銀行CUBE,4
25859,douglas yau,5 顆星,2022年8月5日,Good,Richart,4
25165,詹鳳娥,5 顆星,2023年8月11日,Good,Richart,4
19781,劉育初,5 顆星,2023年9月21日,方便好用,玉山行動銀行,4
9823,小蔣,5 顆星,2023年10月2日,很方便👍,富邦行動銀行,4
1364,阮玉蝶,5 顆星,2023年3月17日,方便快速,國泰世華網路銀行CUBE,4
22768,Janey Ku,5 顆星,2023年10月25日,方便使用,凱基銀行,4
17575,Ian,1 顆星,2021年11月24日,無法更新,永豐行動銀行,4
2655,Jimmy Chen,5 顆星,2022年8月1日,方便快速,國泰世華網路銀行CUBE,4
8316,Kevin Chiou,2 顆星,2022年3月12日,無法更新,中國信託行動銀行 Home Bank,4
24708,楊守亭,5 顆星,2024年1月17日,淺顯易懂,Richart,4
5401,許小馨,5 顆星,2023年6月13日,讚，快速,中國信託行動銀行 Home Bank,4
1379,馗阿,5 顆星,2023年3月14日,方便快速,國泰世華網路銀行CUBE,4
9005,孫冰塊,5 顆星,2022年1月9日,快捷方便,中國信託行動銀行 Home Bank,4
4372,熾焰赤麟,5 顆星,2024年3月13日,還不錯用,中國信託行動銀行 Home Bank,4
19438,yuchang chao,5 顆星,2023年12月11日,方便快速,玉山行動銀行,4
10011,李季青,5 顆星,2023年8月14日,方便好用,富邦行動銀行,4
28018,慈慈,1 顆星,2023年8月15日,服務很爛,LINE Bank,4
9820,习主席,4 顆星,2023年10月2日,繼續加油,富邦行動銀行,4
3712,王國家,1 顆星,2022年2月23日,無法下載,國泰世華網路銀行CUBE,4
8799,shu,5 顆星,2022年2月1日,方便好用,中國信託行動銀行 Home Bank,4
12939,戴栢堯,5 顆星,2022年1月10日,GOOD,富邦行動銀行,4
19564,林紹昀,5 顆星,2023年11月6日,玉山很棒,玉山行動銀行,4
3553,李育儒,2 顆星,2022年3月10日,更新就掛,國泰世華網路銀行CUBE,4
19623,彎彎曲曲,1 顆星,2023年10月23日,一直閃退,玉山行動銀行,4
30108,Buke詠筌,5 顆星,2024年2月17日,滿分好評,樂天國際商業銀行,4
12815,劉寶茱,5 顆星,2022年2月20日,便利方便,富邦行動銀行,4
28052,賴本騰,5 顆星,2023年7月6日,非常方便,LINE Bank,4
20040,張智鈞,5 顆星,2023年6月20日,方便好用,玉山行動銀行,4
15422,JULIA CHENG,4 顆星,2022年10月7日,無法更新,第一銀行 第e行動,4
15618,劉宏裕,1 顆星,2022年5月8日,服務真爛,第一銀行 第e行動,4
5107,彥鋒,5 顆星,2023年8月27日,方便好用,中國信託行動銀行 Home Bank,4
28693,雙胞胎-冰冰佑佑,4 顆星,2021年12月16日,無法更新,LINE Bank,4
3593,葉文窗,5 顆星,2022年3月9日,資訊快速,國泰世華網路銀行CUBE,4
13977,Shuan Yan,1 顆星,2021年8月18日,無法安裝,兆豐銀行,4
5531,nancy Lu,5 顆星,2023年5月9日,就是方便,中國信託行動銀行 Home Bank,4
28343,洪運,1 顆星,2022年7月4日,。ㄜㄧㄧ,LINE Bank,4
18241,美枝林,5 顆星,2023年12月29日,方便好用,華南銀行+,4
18945,EDGE CHEN,5 顆星,2022年8月24日,Good,華南銀行+,4
4246,賴賴詩桐,5 顆星,2021年12月20日,Good,國泰世華網路銀行CUBE,4
5780,Jennifer Huang,5 顆星,2023年3月3日,超方便的,中國信託行動銀行 Home Bank,4
15614,楊大為,5 顆星,2022年5月11日,Good,第一銀行 第e行動,4
7475,汪洋大海,5 顆星,2022年4月17日,蠻方便的,中國信託行動銀行 Home Bank,4
2649,李文林,5 顆星,2022年8月1日,太方便了,國泰世華網路銀行CUBE,4
2711,奇諾,5 顆星,2022年7月25日,非常方便,國泰世華網路銀行CUBE,4
30852,Min-Jui Chiang,1 顆星,2023年3月24日,登不進去,臺灣銀行-網路銀行隨身版,4
4154,Fang Cheng Kuo,4 顆星,2021年12月30日,有時當機,國泰世華網路銀行CUBE,4
4567,熙,5 顆星,2024年1月21日,非常便利,中國信託行動銀行 Home Bank,4
15330,鄭銘洲,5 顆星,2023年4月2日,使用便利,第一銀行 第e行動,4
6261,玫鄰朱,5 顆星,2022年11月9日,方便好用,中國信託行動銀行 Home Bank,4
3073,張心瑜,5 顆星,2022年5月20日,說明清楚,國泰世華網路銀行CUBE,4
7299,張成裕,5 顆星,2022年5月7日,很好用！,中國信託行動銀行 Home Bank,4
13695,lainie chiu,5 顆星,2022年3月2日,good,兆豐銀行,4
8247,李蕙如,5 顆星,2022年3月13日,好用方便,中國信託行動銀行 Home Bank,4
1745,Dryer First,5 顆星,2023年1月3日,實用便利,國泰世華網路銀行CUBE,4
19337,Meng-Ta Yu,5 顆星,2024年1月20日,方便快速,玉山行動銀行,4
19586,伸縮自在的愛,5 顆星,2023年11月1日,Good,玉山行動銀行,4
9698,楊光峻,5 顆星,2023年11月3日,good,富邦行動銀行,4
17581,葛小波,2 顆星,2021年11月24日,無法更新,永豐行動銀行,4
3635,謝云婕,3 顆星,2022年3月5日,b4刺，,國泰世華網路銀行CUBE,4
19236,阿布,5 顆星,2024年2月19日,good,玉山行動銀行,4
17036,鐘裕民之一,5 顆星,2023年2月25日,真心好用,永豐行動銀行,4
25685,曾柏昌,5 顆星,2022年11月29日,good,Richart,4
24917,詹鳳娥,5 顆星,2023年11月12日,Good,Richart,4
8869,何小潔,5 顆星,2022年1月21日,方便快速,中國信託行動銀行 Home Bank,4
13655,夏長安,5 顆星,2022年4月21日,方便快速,兆豐銀行,4
7962,葉大星,5 顆星,2022年3月17日,Good,中國信託行動銀行 Home Bank,4
24374,david W,2 顆星,2022年1月5日,等半天！,台新銀行行動銀行,4
2992,李志強,5 顆星,2022年6月7日,方便好用,國泰世華網路銀行CUBE,4
6562,天罪,5 顆星,2022年9月15日,非常好用,中國信託行動銀行 Home Bank,4
5050,陳淑惠,5 顆星,2023年9月10日,方便便利,中國信託行動銀行 Home Bank,4
22210,歐育智,5 顆星,2022年2月17日,讚→♾️,合作金庫銀行,4
3188,Hugh Li,1 顆星,2022年4月26日,不能連線,國泰世華網路銀行CUBE,4
15488,張溱芳,5 顆星,2022年8月30日,簡單方便,第一銀行 第e行動,4
1607,李孟慈,5 顆星,2023年1月26日,简便快速,國泰世華網路銀行CUBE,4
11457,Chauncey Lee (MrCT),5 顆星,2023年5月10日,加油加油,富邦行動銀行,4
2831,林怡秀,3 顆星,2022年7月8日,good,國泰世華網路銀行CUBE,4
29704,游蕙瑛,5 顆星,2022年8月19日,有你真好,將來銀行 NEXT BANK,4
16655,王惠美,5 顆星,2023年8月5日,顯示明確,永豐行動銀行,4
25811,馬小酒,2 顆星,2022年9月13日,不能下載,Richart,4
13743,羅上宸,5 顆星,2022年1月4日,Good,兆豐銀行,4
12008,pp王,4 顆星,2022年9月15日,簡單明瞭,富邦行動銀行,4
29289,游志民,5 顆星,2024年1月4日,方便簡單,將來銀行 NEXT BANK,4
19353,林春發,5 顆星,2024年1月13日,good,玉山行動銀行,4
10459,勞動局柯雅文,1 顆星,2023年7月15日,無法更新,富邦行動銀行,4
3193,林育萱,5 顆星,2022年4月25日,簡單好用,國泰世華網路銀行CUBE,4
5687,劉藍琪,5 顆星,2023年4月1日,簡單快速,中國信託行動銀行 Home Bank,4
27830,拉拉辣,1 顆星,2021年12月4日,無法下載,新光銀行,4
4620,hsu andynefu,5 顆星,2024年1月6日,方便好用,中國信託行動銀行 Home Bank,4
28087,陳小君,5 顆星,2023年4月29日,轉帳方便,LINE Bank,4
8889,林小宇.,5 顆星,2022年1月17日,非常好用,中國信託行動銀行 Home Bank,4
16311,anna LIN,5 顆星,2024年2月7日,安全便利,永豐行動銀行,4
8348,傅美綺,3 顆星,2022年3月12日,沒法更新,中國信託行動銀行 Home Bank,4
16645,vera chang,5 顆星,2023年8月10日,方便好用,永豐行動銀行,4
18216,徐金暐,5 顆星,2023年12月31日,方便快速,華南銀行+,4
24725,台灣諸葛又亮,5 顆星,2024年1月11日,Good,Richart,4
24202,Matthew Liu,5 顆星,2022年1月21日,方便好用,台新銀行行動銀行,4
12000,Raiden,5 顆星,2022年9月22日,簡單好用,富邦行動銀行,4
22277,JASON CHUANG,5 顆星,2021年9月21日,方便管帳,合作金庫銀行,4
3681,林昱伶,5 顆星,2022年2月28日,方便好用,國泰世華網路銀行CUBE,4
14932,許碧聰,5 顆星,2022年1月30日,方便快速,元大銀行 Yuanta Commercial Bank,4
9436,SH Yang,5 顆星,2024年1月15日,Good,富邦行動銀行,4
12562,Video H,1 顆星,2022年4月22日,強迫更新,富邦行動銀行,4
17502,陳冠霖,1 顆星,2022年1月6日,無法更新,永豐行動銀行,4
12071,林志忠,5 顆星,2022年8月30日,簡單好用,富邦行動銀行,4
21445,hhy,5 顆星,2021年12月13日,流暢好用,玉山行動銀行,4
11026,明富,5 顆星,2023年7月14日,Good,富邦行動銀行,4
16436,劉建志,4 顆星,2023年11月30日,good,永豐行動銀行,4
6379,Cree 2330,5 顆星,2022年10月14日,內容豐富,中國信託行動銀行 Home Bank,4
28449,史金台,5 顆星,2022年4月26日,good,LINE Bank,4
25623,程讌琇,5 顆星,2023年1月9日,方便好用,Richart,4
4625,De De C,5 顆星,2024年1月5日,方便 好,中國信託行動銀行 Home Bank,4
5539,劉清蓮,5 顆星,2023年5月6日,方便迅速,中國信託行動銀行 Home Bank,4
12958,邱晏玲,1 顆星,2022年1月7日,無法登入,富邦行動銀行,4
9171,Jim Huang,5 顆星,2021年12月26日,簡介好用,中國信託行動銀行 Home Bank,4
22396,陳小玲,5 顆星,2021年5月12日,使用方便,合作金庫銀行,4
6461,林信昌,5 顆星,2022年9月29日,方便好用,中國信託行動銀行 Home Bank,4
5788,林小美,5 顆星,2023年3月2日,方便好用,中國信託行動銀行 Home Bank,4
7154,王吉祥,5 顆星,2022年6月1日,非常好用,中國信託行動銀行 Home Bank,4
18719,劉鴻勳,5 顆星,2022年11月9日,方便好用,華南銀行+,4
26654,Kev Li,5 顆星,2021年10月19日,good,Richart,4
6638,致命柚惑（柚子）,5 顆星,2022年8月30日,非常好用,中國信託行動銀行 Home Bank,4
9103,黄柏端,5 顆星,2022年1月6日,good,中國信託行動銀行 Home Bank,4
548,范姜昀,5 顆星,2023年11月26日,簡單操作,國泰世華網路銀行CUBE,4
10126,JH Yu,5 顆星,2023年7月18日,簡單好用,富邦行動銀行,4
2472,安景鴻（安 導演）,5 顆星,2022年9月5日,真方便😃,國泰世華網路銀行CUBE,4
30649,Patrick Fang,1 顆星,2021年10月6日,非常難用,樂天國際商業銀行,4
9567,Hsiente Chien,4 顆星,2023年12月4日,Good,富邦行動銀行,4
25700,如露如電夢幻泡影,5 顆星,2022年11月21日,Good,Richart,4
9987,蔡奇峰,5 顆星,2023年8月18日,使用方便,富邦行動銀行,4
2113,myyld0 myyld0,5 顆星,2022年11月11日,good,國泰世華網路銀行CUBE,4
12343,梁逸柔,5 顆星,2022年6月21日,操作簡單,富邦行動銀行,4
24846,北條,5 顆星,2023年12月5日,簡單好用,Richart,4
26450,鍾麗梅,5 顆星,2021年12月21日,操作簡便,Richart,4
25945,Wan chi Shen,5 顆星,2022年6月21日,棒極了！,Richart,4
19167,Vicky Jeng,5 顆星,2024年3月4日,方便好用,玉山行動銀行,4
3809,YI CHUN TSOU,5 顆星,2022年2月9日,方便迅速,國泰世華網路銀行CUBE,4
30204,Tutututu Tu,5 顆星,2023年9月1日,推薦！！,樂天國際商業銀行,4
6478,陳麗鳳,5 顆星,2022年9月27日,飛常好用,中國信託行動銀行 Home Bank,4
6037,陳世雄,5 顆星,2022年12月28日,good,中國信託行動銀行 Home Bank,4
22998,黃紹倫,5 顆星,2022年11月5日,good,凱基銀行,4
8753,許富榮,5 顆星,2022年2月11日,方便快速,中國信託行動銀行 Home Bank,4
5960,peiwen mou,5 顆星,2023年1月13日,使用方便,中國信託行動銀行 Home Bank,4
19367,MH Chen,5 顆星,2024年1月8日,方便快捷,玉山行動銀行,4
12544,J L,5 顆星,2022年4月30日,good,富邦行動銀行,4
7291,Jason's Chang,5 顆星,2022年5月9日,讚！好用,中國信託行動銀行 Home Bank,4
12171,潘惠美,5 顆星,2022年7月25日,Good,富邦行動銀行,4
4882,CARL HSIEH,1 顆星,2023年10月31日,無法開啟,中國信託行動銀行 Home Bank,4
6797,丹尼湯（danny）,5 顆星,2022年7月29日,方便使用,中國信託行動銀行 Home Bank,4
7063,李元詩,5 顆星,2022年6月17日,很好用！,中國信託行動銀行 Home Bank,4
16502,林志達,5 顆星,2023年11月2日,快速好用,永豐行動銀行,4
30464,黃雲欽,5 顆星,2022年8月22日,Good,樂天國際商業銀行,4
17864,吳春後,4 顆星,2024年3月24日,⭐⭐⭐⭐,華南銀行+,4
3028,Rainy Water,5 顆星,2022年5月31日,介面好用,國泰世華網路銀行CUBE,4
1259,jing Wang,5 顆星,2023年4月11日,快速方便,國泰世華網路銀行CUBE,4
327,邱齡瑩,1 顆星,2024年1月10日,一直閃退,國泰世華網路銀行CUBE,4
2524,蔡東禮Tony,5 顆星,2022年8月25日,Good,國泰世華網路銀行CUBE,4
5163,Syu Wu,5 顆星,2023年8月11日,還不錯用,中國信託行動銀行 Home Bank,4
28270,A0926385377若溱,5 顆星,2022年9月2日,方便實用,LINE Bank,4
12436,林品妤,5 顆星,2022年5月27日,方便使用,富邦行動銀行,4
10789,蔡宗廷,1 顆星,2023年7月15日,無法更新,富邦行動銀行,4
12884,Lotus Lee,5 顆星,2022年2月2日,簡單好用,富邦行動銀行,4
3168,蔡松林,5 顆星,2022年4月27日,繳費便利,國泰世華網路銀行CUBE,4
124,jasmine,1 顆星,2024年3月1日,一直閃退,國泰世華網路銀行CUBE,4
997,Iven Wu,5 顆星,2023年6月28日,簡單方便,國泰世華網路銀行CUBE,4
10318,劉瑋婷,1 顆星,2023年7月15日,無法更新,富邦行動銀行,4
1605,dingpc,3 顆星,2023年1月26日,有夠難用,國泰世華網路銀行CUBE,4
6846,胡重義,5 顆星,2022年7月22日,方便快速,中國信託行動銀行 Home Bank,4
7308,鍾鳳秋,5 顆星,2022年5月6日,方便快速,中國信託行動銀行 Home Bank,4
3138,李二,5 顆星,2022年5月5日,Good,國泰世華網路銀行CUBE,4
11281,Amy Chang,5 顆星,2023年7月4日,非常順暢,富邦行動銀行,4
3929,閔男蔡,4 顆星,2022年1月22日,查詢便利,國泰世華網路銀行CUBE,4
9418,李慧美,4 顆星,2024年1月21日,簡單明瞭,富邦行動銀行,4
1320,詹麗惠,5 顆星,2023年3月26日,good,國泰世華網路銀行CUBE,4
13600,林能宏,5 顆星,2022年6月17日,讚喔～👍,兆豐銀行,4
19736,Swallow Shyu,5 顆星,2023年10月2日,方便好用,玉山行動銀行,4
11995,huang cindy,5 顆星,2022年9月25日,很方便！,富邦行動銀行,4
29355,龍小叔,5 顆星,2023年7月18日,蠻好用的,將來銀行 NEXT BANK,4
7055,sandy Chen,5 顆星,2022年6月17日,操作方便,中國信託行動銀行 Home Bank,4
5235,Z G,5 顆星,2023年7月25日,good,中國信託行動銀行 Home Bank,4
12576,mifi pan,5 顆星,2022年4月18日,good,富邦行動銀行,4
13776,C.S. Tseng,4 顆星,2021年12月29日,改善很多,兆豐銀行,4
9742,張小博,4 顆星,2023年10月20日,簡單好用,富邦行動銀行,4
3940,粘蔭佳,3 顆星,2022年1月21日,謝謝好用,國泰世華網路銀行CUBE,4
23754,潘幸子,5 顆星,2022年7月18日,方便快速,台新銀行行動銀行,4
6391,施朝瀚,5 顆星,2022年10月12日,方便快速,中國信託行動銀行 Home Bank,4
7238,陳莉穎,5 顆星,2022年5月17日,方便快速,中國信託行動銀行 Home Bank,4
8053,張 文張文,5 顆星,2022年3月15日,還好吧！,中國信託行動銀行 Home Bank,4
11956,黃火速救兵,5 顆星,2022年10月20日,方便使用,富邦行動銀行,4
9195,黃淑婷,5 顆星,2021年12月22日,Dood,中國信託行動銀行 Home Bank,4
9124,行善事不問前程,5 顆星,2022年1月3日,方便快速,中國信託行動銀行 Home Bank,4
5246,杜玉璞,5 顆星,2023年7月21日,方便實用,中國信託行動銀行 Home Bank,4
16956,彭增勳,4 顆星,2023年4月6日,操作尚可,永豐行動銀行,4
23552,豬小弟,5 顆星,2022年12月20日,非常便利,台新銀行行動銀行,4
20772,leao1210,5 顆星,2022年7月13日,簡易方便,玉山行動銀行,4
2084,蘇家慧,5 顆星,2022年11月21日,good,國泰世華網路銀行CUBE,4
17550,lian-ning Gu,1 顆星,2021年11月26日,無法更新,永豐行動銀行,4
27473,歐秋景,1 顆星,2022年12月28日,強迫更新,新光銀行,4
10447,簡正雄,5 顆星,2023年7月15日,方便好用,富邦行動銀行,4
23741,郭大帥,5 顆星,2022年7月20日,很好使用,台新銀行行動銀行,4
19930,喬丹,5 顆星,2023年7月25日,good,玉山行動銀行,4
11862,Nancy Huang,5 顆星,2022年12月5日,good,富邦行動銀行,4
5728,evan yanc,5 顆星,2023年3月17日,good,中國信託行動銀行 Home Bank,4
25463,Yakin Hsu,5 顆星,2023年5月25日,方便好用,Richart,4
19424,楊非宏,5 顆星,2023年12月14日,還算直觀,玉山行動銀行,4
6059,施月蓮,4 顆星,2022年12月23日,方便快速,中國信託行動銀行 Home Bank,4
12014,Alfred Chang,5 顆星,2022年9月12日,方便好用,富邦行動銀行,4
4003,太朔昭甩,5 顆星,2022年1月13日,Good,國泰世華網路銀行CUBE,4
6555,祐齊,5 顆星,2022年9月17日,好用直覺,中國信託行動銀行 Home Bank,4
22990,Ken,1 顆星,2022年11月5日,舊版好用,凱基銀行,4
16595,pirez,5 顆星,2023年9月11日,快速方便,永豐行動銀行,4
22958,Gutt C,1 顆星,2022年11月10日,無法登入,凱基銀行,4
12363,何明政,5 顆星,2022年6月13日,超級實用,富邦行動銀行,4
1194,Lee李Anderson明隆,5 顆星,2023年4月27日,快速簡易,國泰世華網路銀行CUBE,4
17106,劉育全,5 顆星,2023年1月5日,很好用喔,永豐行動銀行,4
14465,黎柏宏,1 顆星,2022年11月5日,一直卡著,元大銀行 Yuanta Commercial Bank,4
31457,劉仁煥,4 顆星,2021年9月24日,還可以。,臺灣銀行-網路銀行隨身版,4
25941,陳小力,5 顆星,2022年6月25日,Good,Richart,4
31470,白明芳,1 顆星,2021年9月22日,無法使用,臺灣銀行-網路銀行隨身版,4
2782,Stephen Chen,5 顆星,2022年7月18日,good,國泰世華網路銀行CUBE,4
2769,李顯中,5 顆星,2022年7月20日,就是滿分,國泰世華網路銀行CUBE,4
8974,黃美珠,4 顆星,2022年1月10日,方便使用,中國信託行動銀行 Home Bank,4
9013,蘇利文,1 顆星,2022年1月9日,無法更新,中國信託行動銀行 Home Bank,4
6894,謝來穎,1 顆星,2022年7月11日,無法更新,中國信託行動銀行 Home Bank,4
27756,羅楷程,1 顆星,2022年5月8日,無法登入,新光銀行,4
5224,阿福,5 顆星,2023年7月28日,方便好用,中國信託行動銀行 Home Bank,4
6571,洪范祥,5 顆星,2022年9月13日,good,中國信託行動銀行 Home Bank,4
6619,Mei Mei,5 顆星,2022年9月2日,便利快速,中國信託行動銀行 Home Bank,4
6084,張靜樺,5 顆星,2022年12月16日,方便好用,中國信託行動銀行 Home Bank,4
4399,steven Tang,5 顆星,2024年3月7日,方便快速,中國信託行動銀行 Home Bank,4
18027,張智鈞,5 顆星,2024年1月24日,方便好用,華南銀行+,4
2590,Jack Chang,5 顆星,2022年8月12日,good,國泰世華網路銀行CUBE,4
5568,Shifan Gao,1 顆星,2023年4月28日,無法下載,中國信託行動銀行 Home Bank,4
570,張智億,5 顆星,2023年11月20日,值得推薦,國泰世華網路銀行CUBE,4
13551,changyu lin,1 顆星,2022年8月6日,無法使用,兆豐銀行,4
3222,煒耀,5 顆星,2022年4月19日,好用 讚,國泰世華網路銀行CUBE,4
6242,羅益敏,5 顆星,2022年11月13日,方便快速,中國信託行動銀行 Home Bank,4
4184,Nelson Lin,5 顆星,2021年12月27日,好用穩定,國泰世華網路銀行CUBE,4
9477,施瑞佑,5 顆星,2024年1月2日,Well,富邦行動銀行,4
25772,Zhongqi Wu,5 顆星,2022年10月3日,好用好用,Richart,4
11512,何志逢,5 顆星,2023年4月29日,good,富邦行動銀行,4
29896,史金台,5 顆星,2022年4月26日,good,將來銀行 NEXT BANK,4
30593,chih-yuan chang,1 顆星,2022年1月14日,爛到底了,樂天國際商業銀行,4
20067,傅憶嵐,5 顆星,2023年6月14日,太棒了！,玉山行動銀行,4
21918,wei-lien chen,1 顆星,2023年4月13日,常常崩潰,合作金庫銀行,4
6230,鄭美雲,5 顆星,2022年11月15日,簡單快速,中國信託行動銀行 Home Bank,4
20993,Allen Chen,5 顆星,2022年4月8日,Good,玉山行動銀行,4
18035,陳詩卿,5 顆星,2024年1月22日,很好使用,華南銀行+,4
12559,jeselin,1 顆星,2022年4月24日,強制更新,富邦行動銀行,4
29085,熊軒正,5 顆星,2022年4月10日,方便，快,DBS digibank TW 星展行動銀行,4
12324,GR ACE,5 顆星,2022年6月29日,簡單操作,富邦行動銀行,4
30795,丘昆益,5 顆星,2023年6月19日,方便快速,臺灣銀行-網路銀行隨身版,4
2959,洪掛春,5 顆星,2022年6月13日,方便好用,國泰世華網路銀行CUBE,4
1395,MR.D,3 顆星,2023年3月8日,good,國泰世華網路銀行CUBE,4
25904,陳尼克,4 顆星,2022年7月13日,便利快捷,Richart,4
24270,tsong ming wang,1 顆星,2022年1月12日,不能更新,台新銀行行動銀行,4
6438,Shiuan Fang,5 顆星,2022年10月3日,方便安全,中國信託行動銀行 Home Bank,4
12938,鄭佳宜,5 顆星,2022年1月10日,Good,富邦行動銀行,4
25106,EDGE CHEN,5 顆星,2023年8月21日,Good,Richart,4
24910,魏德昌,5 顆星,2023年11月15日,簡單明瞭,Richart,4
12217,chih yu,5 顆星,2022年7月17日,Good,富邦行動銀行,4
20373,鍾錦煌,5 顆星,2023年2月13日,很好快速,玉山行動銀行,4
10636,吳foseky,1 顆星,2023年7月15日,不容易啊,富邦行動銀行,4
21291,王中屯,5 顆星,2022年2月12日,非常實用,玉山行動銀行,4
4907,Chenpin Hung,5 顆星,2023年10月25日,方便好用,中國信託行動銀行 Home Bank,4
5954,王郁綸,5 顆星,2023年1月16日,good,中國信託行動銀行 Home Bank,4
23570,解子羽,1 顆星,2022年11月25日,登不進去,台新銀行行動銀行,4
10205,張樹茂,3 顆星,2023年7月15日,很好使用,富邦行動銀行,4
10008,韓森博一,5 顆星,2023年8月14日,好用方便,富邦行動銀行,4
20167,鍾年享,5 顆星,2023年6月1日,很會方便,玉山行動銀行,4
28286,Jessie,1 顆星,2022年8月21日,無法開戶,LINE Bank,4
12687,王小伍,5 顆星,2022年3月15日,非常喜歡,富邦行動銀行,4
19699,Jer-Chuan Li,5 顆星,2023年10月7日,友善好用,玉山行動銀行,4
28883,Jason Ying,5 顆星,2023年8月29日,Good,DBS digibank TW 星展行動銀行,4
12964,Diana Lin,5 顆星,2022年1月7日,使用順暢,富邦行動銀行,4
24891,小郭o天星o,5 顆星,2023年11月23日,介面好看,Richart,4
28009,王欣怡,1 顆星,2023年8月23日,沒使用過,LINE Bank,4
5173,ht wang,5 顆星,2023年8月9日,nice,中國信託行動銀行 Home Bank,4
7994,Lilianna Sung,5 顆星,2022年3月17日,方便好用,中國信託行動銀行 Home Bank,4
4008,dabbieyu Hsiao,5 顆星,2022年1月12日,good,國泰世華網路銀行CUBE,4
9536,Brandon Bo,5 顆星,2023年12月10日,方便清楚,富邦行動銀行,4
6330,陳瑋倫（法規講師）,5 顆星,2022年10月28日,方便好用,中國信託行動銀行 Home Bank,4
6303,Delight H,5 顆星,2022年11月3日,方便好用,中國信託行動銀行 Home Bank,4
3054,TorresH Wu,5 顆星,2022年5月26日,簡單易用,國泰世華網路銀行CUBE,4
2404,林詠致,5 顆星,2022年9月20日,方便好用,國泰世華網路銀行CUBE,4
9511,巫秋賢,5 顆星,2023年12月19日,使用看看,富邦行動銀行,4
25581,謝宜彤,1 顆星,2023年2月14日,無法登入,Richart,4
4226,許政輝,5 顆星,2021年12月22日,簡單易用,國泰世華網路銀行CUBE,4
6673,曾秀英,5 顆星,2022年8月23日,方便快速,中國信託行動銀行 Home Bank,4
1346,千千,5 顆星,2023年3月22日,不錯用，,國泰世華網路銀行CUBE,4
25531,呂雅如,5 顆星,2023年4月1日,簡單方便,Richart,4
18442,陳志榮,5 顆星,2023年5月15日,讚讚讚讚,華南銀行+,4
26825,小洋洋,5 顆星,2023年11月26日,Good,新光銀行,4
21158,石心彤,1 顆星,2022年3月18日,無法使用,玉山行動銀行,4
30692,李焜煌,5 顆星,2023年12月13日,非常實用,臺灣銀行-網路銀行隨身版,4
12736,郭國忠,5 顆星,2022年3月5日,簡單豐富,富邦行動銀行,4
12322,于婷,5 顆星,2022年6月30日,簡單好用,富邦行動銀行,4
6191,David Yang,5 顆星,2022年11月24日,非常便捷,中國信託行動銀行 Home Bank,4
18909,張中英,4 顆星,2022年8月29日,還算好用,華南銀行+,4
19668,Nick Ho,5 顆星,2023年10月14日,方便好用,玉山行動銀行,4
18350,陳新楠,4 顆星,2023年11月1日,學習當中,華南銀行+,4
28410,光權李,4 顆星,2022年5月26日,Good,LINE Bank,4
19165,王艶红,5 顆星,2024年3月5日,方便快速,玉山行動銀行,4
6172,天心,5 顆星,2022年11月28日,方便快速,中國信託行動銀行 Home Bank,4
14495,SC S,1 顆星,2022年10月17日,無法登入,元大銀行 Yuanta Commercial Bank,4
25854,翁振峰,5 顆星,2022年8月10日,good,Richart,4
16548,林oo,5 顆星,2023年10月5日,方便迅速,永豐行動銀行,4
1046,chen Moviehsi,4 顆星,2023年6月7日,快速方便,國泰世華網路銀行CUBE,4
18949,蔡明憲,5 顆星,2022年8月24日,精準到位,華南銀行+,4
5899,Kenny Chen,5 顆星,2023年2月7日,直覺好用,中國信託行動銀行 Home Bank,4
4808,cynthia lee,5 顆星,2023年11月14日,方便好用,中國信託行動銀行 Home Bank,4
8675,徐政輝,4 顆星,2022年3月3日,方便快速,中國信託行動銀行 Home Bank,4
26876,林淑滿,5 顆星,2023年11月26日,操作便利,新光銀行,4
19905,too-yung吉普賽,5 顆星,2023年8月2日,非常便捷,玉山行動銀行,4
28004,賴美玲,5 顆星,2023年9月4日,很好方便,LINE Bank,4
19184,Roger Tai,2 顆星,2024年3月1日,無法登入,玉山行動銀行,4
6790,鄭佩佩,4 顆星,2022年7月31日,正在看書,中國信託行動銀行 Home Bank,4
16486,Patrick Liu,5 顆星,2023年11月7日,好用方便,永豐行動銀行,4
17814,雷子齊,5 顆星,2021年5月20日,還未用過,永豐行動銀行,4
15732,lainie chiu,5 顆星,2022年3月2日,good,第一銀行 第e行動,4
24329,李孝忠,1 顆星,2022年1月7日,不能下載,台新銀行行動銀行,4
17911,唐文龍,5 顆星,2024年3月7日,一目瞭然,華南銀行+,4
3781,鄭能介,4 顆星,2022年2月13日,好用方便,國泰世華網路銀行CUBE,4
13853,彭生,4 顆星,2021年10月22日,適用方便,兆豐銀行,4
18050,Teng-Wei Chiu,5 顆星,2024年1月17日,Good,華南銀行+,4
29027,何曹秀玉,5 顆星,2023年7月14日,獎品未領,DBS digibank TW 星展行動銀行,4
2446,廖小能,4 顆星,2022年9月12日,方便好用,國泰世華網路銀行CUBE,4
11363,cindy chiu,5 顆星,2023年6月5日,很方便！,富邦行動銀行,4
17042,魏兒兒,5 顆星,2023年2月22日,還不錯用,永豐行動銀行,4
17845,g221307,5 顆星,2024年4月2日,非常實用,華南銀行+,4
3227,林錦成,5 顆星,2022年4月18日,快速方便,國泰世華網路銀行CUBE,4
19196,蔡清源,5 顆星,2024年2月27日,安全可靠,玉山行動銀行,4
6791,Winny Lee,5 顆星,2022年7月31日,方便使用,中國信託行動銀行 Home Bank,4
1162,李如益,5 顆星,2023年5月4日,簡潔快速,國泰世華網路銀行CUBE,4
8891,季竹男,5 顆星,2022年1月17日,用的不錯,中國信託行動銀行 Home Bank,4
3520,Jun wei,5 顆星,2022年3月14日,good,國泰世華網路銀行CUBE,4
17670,詹明航,5 顆星,2021年10月15日,Good,永豐行動銀行,4
13166,陳明鴻,4 顆星,2021年11月17日,方便好用,富邦行動銀行,4
12669,jackie hung,5 顆星,2022年3月24日,Good,富邦行動銀行,4
3199,孫昭平,5 顆星,2022年4月24日,非常便利,國泰世華網路銀行CUBE,4
9833,陸惟智,5 顆星,2023年9月30日,方便好用,富邦行動銀行,4
29064,蘇麗夙,5 顆星,2022年11月15日,容易使用,DBS digibank TW 星展行動銀行,4
12617,陳志達,4 顆星,2022年4月7日,Good,富邦行動銀行,4
5586,kelvin toung,5 顆星,2023年4月24日,方便好用,中國信託行動銀行 Home Bank,4
27013,鼎元,5 顆星,2023年11月25日,改版很棒,新光銀行,4
13212,金來宏,5 顆星,2021年11月7日,蠻方便的,富邦行動銀行,4
14069,attorney XU,1 顆星,2021年7月13日,無法更新,兆豐銀行,4
7588,陳福田,5 顆星,2022年4月8日,服務親切,中國信託行動銀行 Home Bank,4
7581,Larissa Lee,5 顆星,2022年4月8日,快速方便,中國信託行動銀行 Home Bank,4
13082,胡啟中,5 顆星,2021年12月7日,方便就手,富邦行動銀行,4
18126,Jasper Chen,4 顆星,2024年1月7日,Fine,華南銀行+,4
16389,吳佳壕,4 顆星,2023年12月27日,簡單方便,永豐行動銀行,4
14857,發福的牛,1 顆星,2022年3月8日,無法登入,元大銀行 Yuanta Commercial Bank,4
8317,吳延達,5 顆星,2022年3月12日,更新不了,中國信託行動銀行 Home Bank,4
5324,李春芳,5 顆星,2023年7月6日,簡單好用,中國信託行動銀行 Home Bank,4
12069,錢漢恩,1 顆星,2022年8月30日,無法安裝,富邦行動銀行,4
20124,蕭心肝寶貝,5 顆星,2023年6月5日,方便操作,玉山行動銀行,4
29182,趙福源,5 顆星,2021年11月28日,Good,DBS digibank TW 星展行動銀行,4
6092,林阿比,5 顆星,2022年12月14日,在嗎？！,中國信託行動銀行 Home Bank,4
13906,joe Lin,5 顆星,2021年10月6日,好用推薦,兆豐銀行,4
26602,TY H,5 顆星,2021年11月3日,操作簡單,Richart,4
11851,hi sheng,5 顆星,2022年12月12日,簡單方便,富邦行動銀行,4
7700,KUANYUAN WANG,1 顆星,2022年4月1日,打不開？,中國信託行動銀行 Home Bank,4
27040,William Wu,5 顆星,2023年11月25日,good,新光銀行,4
13227,Misaki Chen,4 顆星,2021年11月4日,不過不失,富邦行動銀行,4
7086,vivi K,5 顆星,2022年6月14日,good,中國信託行動銀行 Home Bank,4
16691,Snoopy Liu,1 顆星,2023年7月17日,無法安裝,永豐行動銀行,4
4373,李家豪,5 顆星,2024年3月13日,非常好用,中國信託行動銀行 Home Bank,4
25832,大叔,5 顆星,2022年8月26日,蠻方便的,Richart,4
625,王大福,5 顆星,2023年11月3日,Nice,國泰世華網路銀行CUBE,4
27780,陳恩祿,1 顆星,2022年3月9日,無法更新,新光銀行,4
26834,林佳樺,5 顆星,2023年11月26日,新版好用,新光銀行,4
28302,Wei-Kuo Kuo,5 顆星,2022年8月8日,good,LINE Bank,4
6793,孫偉宸,5 顆星,2022年7月30日,蠻方便的,中國信託行動銀行 Home Bank,4
12862,陳錦樹,5 顆星,2022年2月7日,簡單上手,富邦行動銀行,4
24599,蘭花草,5 顆星,2024年3月10日,方便快速,Richart,4
11754,David David,5 顆星,2023年1月31日,辛苦您了,富邦行動銀行,4
13151,Uni Uni,5 顆星,2021年11月21日,好用方便,富邦行動銀行,4
22528,Johnny C,1 顆星,2020年11月5日,越改越爛,合作金庫銀行,4
4401,廖穗菁,5 顆星,2024年3月5日,操作方便,中國信託行動銀行 Home Bank,4
5812,月晨曦,5 顆星,2023年2月23日,好用方便,中國信託行動銀行 Home Bank,4
8417,陳孟瑤,3 顆星,2022年3月12日,還沒有用,中國信託行動銀行 Home Bank,4
4033,羅秀玲,5 顆星,2022年1月8日,方便好用,國泰世華網路銀行CUBE,4
19780,蔡jungyu,5 顆星,2023年9月21日,網銀不錯,玉山行動銀行,4
16869,David Huang,5 顆星,2023年5月1日,安全便利,永豐行動銀行,4
19451,曾乙鑫,5 顆星,2023年12月6日,非常方便,玉山行動銀行,4
6921,林鈺,5 顆星,2022年7月6日,操作便利,中國信託行動銀行 Home Bank,4
13030,劉曉薇,5 顆星,2021年12月28日,使用流暢,富邦行動銀行,4
1082,劉秀玲,5 顆星,2023年5月29日,轉帳方便,國泰世華網路銀行CUBE,4
17806,李玉慧,5 顆星,2021年6月3日,方便快速,永豐行動銀行,4
1754,MY CHEN,5 顆星,2022年12月30日,小樹點讚,國泰世華網路銀行CUBE,4
248,范彥胤,1 顆星,2024年1月31日,一直閃退,國泰世華網路銀行CUBE,4
11387,李宏典,5 顆星,2023年6月1日,清楚明瞭,富邦行動銀行,4
19901,Jennifer Hu,5 顆星,2023年8月2日,很好用。,玉山行動銀行,4
19659,吳曉涵,5 顆星,2023年10月16日,使用方便,玉山行動銀行,4
27958,Michael Tseng,5 顆星,2023年10月27日,方便好用,LINE Bank,4
16977,傅淑滿,5 顆星,2023年3月28日,簡單明瞭,永豐行動銀行,4
2376,謝岳臻,5 顆星,2022年9月26日,方便使用,國泰世華網路銀行CUBE,4
21784,Vincent Tsai,1 顆星,2023年12月16日,無法使用,合作金庫銀行,4
8171,Yun-Ciou Lin,5 顆星,2022年3月14日,good,中國信託行動銀行 Home Bank,4
19423,承澤企業（張承澤）,5 顆星,2023年12月14日,good,玉山行動銀行,4
31293,毛忠勇,5 顆星,2022年2月4日,不能開啟,臺灣銀行-網路銀行隨身版,4
6247,侯凱瀧,5 顆星,2022年11月11日,方便好用,中國信託行動銀行 Home Bank,4
27799,黃莉涵,1 顆星,2022年1月20日,不能更新,新光銀行,4
27588,林冠良,1 顆星,2022年10月10日,瘋狂閃退,新光銀行,4
17969,Winnie Wu,5 顆星,2024年2月7日,方便好用,華南銀行+,4
16727,鎧新吳國正,5 顆星,2023年7月3日,操作簡便,永豐行動銀行,4
2353,黃淑賢,5 顆星,2022年9月30日,很方便。,國泰世華網路銀行CUBE,4
2481,陳純姞,5 顆星,2022年9月5日,方便安全,國泰世華網路銀行CUBE,4
19611,Alessia Chiu,5 顆星,2023年10月26日,方便快速,玉山行動銀行,4
4356,張遠茂,5 顆星,2024年3月18日,方便好用,中國信託行動銀行 Home Bank,4
5244,劉典育,5 顆星,2023年7月22日,Good,中國信託行動銀行 Home Bank,4
16940,Sunny Chen,5 顆星,2023年4月7日,方便好用,永豐行動銀行,4
29244,陳美蘭,5 顆星,2020年8月17日,good,DBS digibank TW 星展行動銀行,4
16352,章老師,5 顆星,2024年1月10日,安全可靠,永豐行動銀行,4
9345,廖介民,4 顆星,2024年2月15日,還不錯用,富邦行動銀行,4
24916,Idelo New,5 顆星,2023年11月13日,簡單易用,Richart,4
24091,Ivan Chen,1 顆星,2022年2月6日,無法下載,台新銀行行動銀行,4
15980,張彥丁,1 顆星,2021年11月12日,不來電。,第一銀行 第e行動,4
16249,戴同吾,5 顆星,2024年3月16日,超級方便,永豐行動銀行,4
6895,沈宥騰,5 顆星,2022年7月11日,方便好用,中國信託行動銀行 Home Bank,4
6320,ralf chuang,4 顆星,2022年10月31日,蠻方便的,中國信託行動銀行 Home Bank,4
7374,徐聖鈞,5 顆星,2022年4月25日,方便好用,中國信託行動銀行 Home Bank,4
645,lin tm,5 顆星,2023年10月30日,Good,國泰世華網路銀行CUBE,4
16999,丁素珍,5 顆星,2023年3月9日,服務很好,永豐行動銀行,4
9105,Annie Ho,5 顆星,2022年1月6日,Good,中國信託行動銀行 Home Bank,4
17698,Google 使用者,5 顆星,2021年8月26日,Good,永豐行動銀行,4
11180,旭徐,1 顆星,2023年7月14日,無法更新,富邦行動銀行,4
2414,施昌甫,5 顆星,2022年9月17日,快速方便,國泰世華網路銀行CUBE,4
28081,張志文,5 顆星,2023年5月11日,還未體驗,LINE Bank,4
8805,Johnny Sie,5 顆星,2022年1月31日,Good,中國信託行動銀行 Home Bank,4
4181,Cheng David,5 顆星,2021年12月27日,good,國泰世華網路銀行CUBE,4
14280,余霖,1 顆星,2023年4月18日,一直閃退,元大銀行 Yuanta Commercial Bank,4
3626,黄阿昌（CC）,5 顆星,2022年3月7日,簡單好用,國泰世華網路銀行CUBE,4
11458,連俊達,4 顆星,2023年5月9日,Good,富邦行動銀行,4
3921,Guoyang Chien,5 顆星,2022年1月23日,功能便利,國泰世華網路銀行CUBE,4
30274,齊默,5 顆星,2023年4月22日,還不錯用,樂天國際商業銀行,4
17757,GH Wen,5 顆星,2021年7月18日,good,永豐行動銀行,4
16597,趙宥勛,5 顆星,2023年9月9日,非常方便,永豐行動銀行,4
16482,Sylvain Wu,5 顆星,2023年11月10日,轉帳快速,永豐行動銀行,4
19953,江家慶,5 顆星,2023年7月17日,方便實用,玉山行動銀行,4
12895,Ulong Kao,5 顆星,2022年1月28日,簡單易懂,富邦行動銀行,4
1557,何潔慧,5 顆星,2023年2月2日,good,國泰世華網路銀行CUBE,4
7126,高世峰,5 顆星,2022年6月8日,好用方便,中國信託行動銀行 Home Bank,4
4994,石慈淵,4 顆星,2023年9月28日,新手就是,中國信託行動銀行 Home Bank,4
25564,louis liu,5 顆星,2023年3月3日,蠻方便的,Richart,4
24570,Lucillie,5 顆星,2024年3月24日,使用方便,Richart,4
3711,Banjars Shen,5 顆星,2022年2月23日,使用方便,國泰世華網路銀行CUBE,4
18128,巧菱游（游巧菱）,3 顆星,2024年1月6日,眼花撩亂,華南銀行+,4
13055,歐育智,5 顆星,2021年12月17日,讚→♾️,富邦行動銀行,4
13004,Gomaze Chien,5 顆星,2022年1月3日,操作方便,富邦行動銀行,4
1369,張絹悅,5 顆星,2023年3月16日,方便迅速,國泰世華網路銀行CUBE,4
2422,Nobu Wu,1 顆星,2022年9月16日,很不友善,國泰世華網路銀行CUBE,4
22008,何元馨,5 顆星,2022年11月21日,使用方便,合作金庫銀行,4
11268,cc0367,5 顆星,2023年7月5日,直覺好用,富邦行動銀行,4
13108,錢宣浩,5 顆星,2021年12月2日,Good,富邦行動銀行,4
30976,Bluck Lin,1 顆星,2022年8月16日,有夠難用,臺灣銀行-網路銀行隨身版,4
4045,黃千益,5 顆星,2022年1月7日,方便使用,國泰世華網路銀行CUBE,4
19026,Allen Huang,5 顆星,2022年7月27日,方便好用,華南銀行+,4
19373,Chung-Yen Lai,5 顆星,2024年1月5日,good,玉山行動銀行,4
6888,Chung-Sen Chang,5 顆星,2022年7月12日,方便迅速,中國信託行動銀行 Home Bank,4
12446,軒吉,5 顆星,2022年5月24日,反應很快,富邦行動銀行,4
2394,龔于堯,5 顆星,2022年9月21日,清楚明白,國泰世華網路銀行CUBE,4
10954,婁莉莉,1 顆星,2023年7月14日,無法更新,富邦行動銀行,4
6723,林柏成,5 顆星,2022年8月13日,good,中國信託行動銀行 Home Bank,4
23626,allen allen,1 顆星,2022年9月27日,無法登入,台新銀行行動銀行,4
10511,Mike Hsieh,1 顆星,2023年7月15日,無法更新,富邦行動銀行,4
2441,葉阿宏,5 顆星,2022年9月13日,方便實用,國泰世華網路銀行CUBE,4
4124,簡清文,5 顆星,2022年1月4日,方便使用,國泰世華網路銀行CUBE,4
11750,yunglin lu,5 顆星,2023年2月1日,方便快速,富邦行動銀行,4
27059,pei-tsen chen,5 顆星,2023年11月25日,Good,新光銀行,4
17552,willson chern,4 顆星,2021年11月25日,Good,永豐行動銀行,4
7022,蔡Claire,5 顆星,2022年6月20日,good,中國信託行動銀行 Home Bank,4
29138,Betty L,2 顆星,2022年2月23日,操作困難,DBS digibank TW 星展行動銀行,4
17924,朱淑慧,5 顆星,2024年3月1日,方便快速,華南銀行+,4
20624,光權李,4 顆星,2022年8月30日,Good,玉山行動銀行,4
16423,Larry Yang,3 顆星,2023年12月6日,方便快捷,永豐行動銀行,4
27279,Remi Do,1 顆星,2023年9月27日,更新太慢,新光銀行,4
5775,wan-ting Liu,1 顆星,2023年3月4日,常常當機,中國信託行動銀行 Home Bank,4
9291,陳坤欽,1 顆星,2024年3月4日,無法使用,富邦行動銀行,4
29068,Frances Inmay Gao,4 顆星,2022年9月23日,聰明好用,DBS digibank TW 星展行動銀行,4
955,Sayun Hazi,5 顆星,2023年7月11日,Good,國泰世華網路銀行CUBE,4
18096,chang yolanda,5 顆星,2024年1月10日,便捷迅速,華南銀行+,4
21686,葉恩宇,1 顆星,2024年3月15日,垃圾網銀,合作金庫銀行,4
17019,王樂慶,5 顆星,2023年3月2日,best,永豐行動銀行,4
30103,Eric Ke,5 顆星,2024年2月17日,簡易好用,樂天國際商業銀行,4
27700,周怡欣,1 顆星,2022年7月19日,無法更新,新光銀行,4
2982,蘇心美,5 顆星,2022年6月8日,介面好用,國泰世華網路銀行CUBE,4
19723,Felicia Lin,5 顆星,2023年10月5日,簡單好用,玉山行動銀行,4
16674,陳飛虎,5 顆星,2023年7月26日,服務不錯,永豐行動銀行,4
28895,SYI CHANG Wu,4 顆星,2023年8月25日,開始起用,DBS digibank TW 星展行動銀行,4
16134,陳雲龍,4 顆星,2021年9月12日,還不錯用,第一銀行 第e行動,4
3640,簡佑鍾,5 顆星,2022年3月4日,方便好用,國泰世華網路銀行CUBE,4
17703,離人,5 顆星,2021年8月22日,還不錯用,永豐行動銀行,4
26951,佳燕,5 顆星,2023年11月25日,介面好用,新光銀行,4
18048,銘志,5 顆星,2024年1月17日,還不錯。,華南銀行+,4
3502,muggle,5 顆星,2022年3月18日,服務親切,國泰世華網路銀行CUBE,4
8977,鴻文,5 顆星,2022年1月10日,好用方便,中國信託行動銀行 Home Bank,4
22143,賴仕能,5 顆星,2022年4月18日,好棒好棒,合作金庫銀行,4
17245,朱嘉怡,5 顆星,2022年9月2日,方便好用,永豐行動銀行,4
1130,黃阿琳,5 顆星,2023年5月19日,迅速方便,國泰世華網路銀行CUBE,4
28905,Jason Ying,5 顆星,2023年8月22日,good,DBS digibank TW 星展行動銀行,4
2954,鄒欣元,5 顆星,2022年6月14日,方便快速,國泰世華網路銀行CUBE,4
6636,Sharon Tsao,5 顆星,2022年8月30日,Good,中國信託行動銀行 Home Bank,4
7148,EJ Lin,5 顆星,2022年6月3日,好用方便,中國信託行動銀行 Home Bank,4
26321,張國揚,5 顆星,2022年1月22日,容易操作,Richart,4
3835,ALLOWHAPPY PEN,5 顆星,2022年2月4日,good,國泰世華網路銀行CUBE,4
3195,Grace Kuan,4 顆星,2022年4月25日,便捷好用,國泰世華網路銀行CUBE,4
1876,歐金蘭,5 顆星,2022年12月9日,都很好用,國泰世華網路銀行CUBE,4
21670,林振龍,5 顆星,2021年10月12日,非常好用,玉山行動銀行,4
24581,蘇裕翔,5 顆星,2024年3月19日,方便好用,Richart,4
6675,ryan G,5 顆星,2022年8月22日,快速方便,中國信託行動銀行 Home Bank,4
28608,duker9285,5 顆星,2022年2月6日,good,LINE Bank,4
25570,林嫈芬,5 顆星,2023年2月24日,好用快速,Richart,4
1600,游騰堡,3 顆星,2023年1月28日,方便好用,國泰世華網路銀行CUBE,4
31469,張素英,1 顆星,2021年9月22日,無法下載,臺灣銀行-網路銀行隨身版,4
12409,呂淑華,5 顆星,2022年6月1日,簡單方便,富邦行動銀行,4
2323,evette Yang,5 顆星,2022年10月6日,好用迅速,國泰世華網路銀行CUBE,4
21047,jeffery Chen,3 顆星,2022年4月2日,Good,玉山行動銀行,4
13644,양부산,4 顆星,2022年4月26日,還不錯用,兆豐銀行,4
11935,徐柏青大旅色,5 顆星,2022年11月2日,非常好用,富邦行動銀行,4
5020,張寶池,4 顆星,2023年9月20日,使用方便,中國信託行動銀行 Home Bank,4
17851,jh chou,4 顆星,2024年3月31日,使用順暢,華南銀行+,4
9016,徐曉莉,4 顆星,2022年1月9日,有點卡卡,中國信託行動銀行 Home Bank,4
5693,林財富,5 顆星,2023年3月29日,讚 好用,中國信託行動銀行 Home Bank,4
19092,涂麗雲,5 顆星,2024年3月26日,方便實用,玉山行動銀行,4
1925,謝景澤,5 顆星,2022年12月4日,good,國泰世華網路銀行CUBE,4
13434,詹爸詹爸,5 顆星,2023年6月6日,迅速方便,兆豐銀行,4
6553,pogo tsai,4 顆星,2022年9月17日,good,中國信託行動銀行 Home Bank,4
6258,笨笨廖,5 顆星,2022年11月10日,good,中國信託行動銀行 Home Bank,4
20176,吳Gina,5 顆星,2023年6月1日,good,玉山行動銀行,4
20155,Arieses Alexis,5 顆星,2023年6月2日,安全方便,玉山行動銀行,4
2523,林珅駐,5 顆星,2022年8月25日,方便快速,國泰世華網路銀行CUBE,4
19916,黃國庫,5 顆星,2023年7月31日,good,玉山行動銀行,4
8697,謝小新,5 顆星,2022年2月26日,方便安全,中國信託行動銀行 Home Bank,4
16041,長興,1 顆星,2021年9月28日,無法連線,第一銀行 第e行動,4
18616,gm0465336 “吳哲宇”,1 顆星,2022年12月27日,白癡程式,華南銀行+,4
6595,シェットC,4 顆星,2022年9月7日,安全方便,中國信託行動銀行 Home Bank,4
15799,亞森,1 顆星,2022年1月11日,垃圾連線,第一銀行 第e行動,4
11880,李易帷,5 顆星,2022年11月30日,方便好用,富邦行動銀行,4
19349,林茂城,5 顆星,2024年1月15日,good,玉山行動銀行,4
8839,吳彩瑞,4 顆星,2022年1月26日,時好時壞,中國信託行動銀行 Home Bank,4
25760,HT C,5 顆星,2022年10月10日,方便簡便,Richart,4
16533,J jojo,5 顆星,2023年10月12日,好用哦～,永豐行動銀行,4
4085,ming shang chio,1 顆星,2022年1月5日,常常當掉,國泰世華網路銀行CUBE,4
21221,劉元正,5 顆星,2022年2月24日,真好用！,玉山行動銀行,4
18155,林虹妙,5 顆星,2024年1月4日,Good,華南銀行+,4
6733,許美蘊,5 顆星,2022年8月11日,方便快捷,中國信託行動銀行 Home Bank,4
8899,William Fan,5 顆星,2022年1月16日,方便好用,中國信託行動銀行 Home Bank,4
19989,Feng Er Julia Han,5 顆星,2023年7月6日,Good,玉山行動銀行,4
2538,魏慶璋,5 顆星,2022年8月23日,使用便利,國泰世華網路銀行CUBE,4
16334,婷懋鄧,5 顆星,2024年1月23日,方便迅速,永豐行動銀行,4
9338,王寵,4 顆星,2024年2月17日,還算方便,富邦行動銀行,4
3024,葉小萍,4 顆星,2022年5月31日,快速便捷,國泰世華網路銀行CUBE,4
1338,連郁琦,5 顆星,2023年3月23日,good,國泰世華網路銀行CUBE,4
11256,vincent niu,5 顆星,2023年7月9日,使用方便,富邦行動銀行,4
314,林天佑,1 顆星,2024年1月13日,瘋狂閃退,國泰世華網路銀行CUBE,4
29995,body zeng,3 顆星,2022年4月6日,登錄不了,將來銀行 NEXT BANK,4
5938,徐瑋瑋,5 顆星,2023年1月25日,便利好用,中國信託行動銀行 Home Bank,4
12085,大法師,5 顆星,2022年8月20日,方便好用,富邦行動銀行,4
25909,林哞哞,5 顆星,2022年7月11日,非常便利,Richart,4
16612,柳金枝,5 顆星,2023年9月1日,快速簡便,永豐行動銀行,4
26930,CHENNA Chang,5 顆星,2023年11月25日,介面好看,新光銀行,4
12568,甯彬,4 顆星,2022年4月20日,方便查詢,富邦行動銀行,4
16960,鄧海勇,5 顆星,2023年4月5日,方便好用,永豐行動銀行,4
21886,呂鑒玹,1 顆星,2023年6月10日,鎖你大頭,合作金庫銀行,4
13111,Bess Huang,5 顆星,2021年12月1日,操作方便,富邦行動銀行,4
17934,洪世宗,5 顆星,2024年2月26日,good,華南銀行+,4
11469,黃勇智,5 顆星,2023年5月8日,Good,富邦行動銀行,4
26755,You Zong Lin,1 顆星,2023年12月21日,無法登入,新光銀行,4
3478,鄭林生,2 顆星,2022年3月24日,尚可接受,國泰世華網路銀行CUBE,4
16057,yves Dala,1 顆星,2021年9月22日,下載不了,第一銀行 第e行動,4
10586,騰岳楊,1 顆星,2023年7月15日,無法安裝,富邦行動銀行,4
16472,馬嫒,5 顆星,2023年11月16日,非常快速,永豐行動銀行,4
13181,陳曦,5 顆星,2021年11月13日,簡單方便,富邦行動銀行,4
22132,臨淵羨魚,1 顆星,2022年4月21日,用過都懂,合作金庫銀行,4
10091,賴俊義,1 顆星,2023年7月30日,爛死了！,富邦行動銀行,4
3650,林秀霞,5 顆星,2022年3月3日,非常便利,國泰世華網路銀行CUBE,4
3056,Peggy Lin,5 顆星,2022年5月25日,操作簡易,國泰世華網路銀行CUBE,4
3557,黃俊傑,5 顆星,2022年3月10日,方便好用,國泰世華網路銀行CUBE,4
27150,林天與,5 顆星,2023年11月24日,好用系統,新光銀行,4
8919,YaoTseng Liu,5 顆星,2022年1月14日,簡單好用,中國信託行動銀行 Home Bank,4
2503,Hsin Pan,1 顆星,2022年8月30日,無法登入,國泰世華網路銀行CUBE,4
8721,林國勛,5 顆星,2022年2月19日,不錯不錯,中國信託行動銀行 Home Bank,4
14927,郭傑瑞,1 顆星,2022年2月10日,加油啊～,元大銀行 Yuanta Commercial Bank,4
17811,張淑鈴,5 顆星,2021年6月2日,好用超級,永豐行動銀行,4
20077,啊峰獅啊峰獅,5 顆星,2023年6月12日,快速方便,玉山行動銀行,4
7075,黃璟達,3 顆星,2022年6月15日,Good,中國信託行動銀行 Home Bank,4
18453,w.u Wang,1 顆星,2023年5月9日,不能截圖,華南銀行+,4
25798,玹菱,5 顆星,2022年9月21日,可愛好懂,Richart,4
23579,林雅純,3 顆星,2022年11月18日,開啟較慢,台新銀行行動銀行,4
1625,吳憲明,5 顆星,2023年1月21日,方便自如,國泰世華網路銀行CUBE,4
25670,葉怡怡,5 顆星,2022年12月8日,使用權狀,Richart,4
12002,蔡智文,5 顆星,2022年9月21日,頁面多元,富邦行動銀行,4
15316,黃秀英,5 顆星,2023年5月9日,方便快速,第一銀行 第e行動,4
15940,桂芳,5 顆星,2021年12月29日,方便快速,第一銀行 第e行動,4
7375,施韋充,5 顆星,2022年4月25日,方便好用,中國信託行動銀行 Home Bank,4
4738,陳明枝,4 顆星,2023年12月1日,方便快速,中國信託行動銀行 Home Bank,4
9121,魏佳陵,5 顆星,2022年1月4日,快速方便,中國信託行動銀行 Home Bank,4
9112,葉亦芳,1 顆星,2022年1月5日,無法更新,中國信託行動銀行 Home Bank,4
22367,黃宣越,1 顆星,2021年6月15日,登入不了,合作金庫銀行,4
13780,TZ Fang,1 顆星,2021年12月25日,無法登入,兆豐銀行,4
7255,偉宅,5 顆星,2022年5月13日,方便好用,中國信託行動銀行 Home Bank,4
11397,hu jerry,4 顆星,2023年5月31日,字體太小,富邦行動銀行,4
18728,陳向巡,5 顆星,2022年11月7日,good,華南銀行+,4
3265,廣緣,5 顆星,2022年4月11日,方便好用,國泰世華網路銀行CUBE,4
18261,JinHao,5 顆星,2023年12月29日,挺好用的,華南銀行+,4
15874,鄭瑞雲,5 顆星,2022年1月3日,操做簡便,第一銀行 第e行動,4
26949,Sophia Tseng,5 顆星,2023年11月25日,good,新光銀行,4
4304,Meiko雯,2 顆星,2024年4月3日,無法登錄,中國信託行動銀行 Home Bank,4
3651,陳鼎立,5 顆星,2022年3月3日,操作方便,國泰世華網路銀行CUBE,4
19923,jessie Liao,5 顆星,2023年7月26日,方便好用,玉山行動銀行,4
1646,Fu Chun Wang,5 顆星,2023年1月18日,使用方便,國泰世華網路銀行CUBE,4
19684,jackie hung,5 顆星,2023年10月10日,Good,玉山行動銀行,4
3863,George Du,5 顆星,2022年1月28日,方便安全,國泰世華網路銀行CUBE,4
4699,Milk 姊姊,5 顆星,2023年12月12日,方便迅速,中國信託行動銀行 Home Bank,4
9565,Ch C,5 顆星,2023年12月4日,非常滿意,富邦行動銀行,4
11801,Nice Yen,5 顆星,2023年1月3日,方便快速,富邦行動銀行,4
5056,施盈如,4 顆星,2023年9月8日,簡便操作,中國信託行動銀行 Home Bank,4
20212,Lisa chat chat,5 顆星,2023年5月29日,簡單好用,玉山行動銀行,4
27543,王哲恩,1 顆星,2022年10月12日,瘋狂閃退,新光銀行,4
20165,Cat Ju,5 顆星,2023年6月1日,非常方便,玉山行動銀行,4
19682,King Kuo,5 顆星,2023年10月11日,good,玉山行動銀行,4
5774,Ansel Wang,5 顆星,2023年3月5日,方便好用,中國信託行動銀行 Home Bank,4
23983,張榮發,1 顆星,2022年3月16日,越改越爛,台新銀行行動銀行,4
8671,Jason Ho,5 顆星,2022年3月3日,good,中國信託行動銀行 Home Bank,4
12701,小鳥文,4 顆星,2022年3月12日,簡單好用,富邦行動銀行,4
9205,Ting-Yao Sun (帥阿毛),1 顆星,2024年4月3日,登不進去,富邦行動銀行,4
18113,Wei Paul,5 顆星,2024年1月8日,Good,華南銀行+,4
19202,烏龍麵,5 顆星,2024年2月26日,新手好用,玉山行動銀行,4
5970,weiren Wang,5 顆星,2023年1月11日,GOOD,中國信託行動銀行 Home Bank,4
5310,廖利愷.,5 顆星,2023年7月11日,good,中國信託行動銀行 Home Bank,4
3895,楊睿旻,5 顆星,2022年1月25日,方便使用,國泰世華網路銀行CUBE,4
7722,Vincent,5 顆星,2022年3月31日,非常方案,中國信託行動銀行 Home Bank,4
7515,Imin Hum,5 顆星,2022年4月14日,簡單好用,中國信託行動銀行 Home Bank,4
24914,j.k. yu,4 顆星,2023年11月14日,方便好用,Richart,4
12336,Cathy C,4 顆星,2022年6月23日,方便清楚,富邦行動銀行,4
2477,疏韋哲,5 顆星,2022年9月5日,迅速方便,國泰世華網路銀行CUBE,4
7184,Yu wesou,5 顆星,2022年5月27日,good,中國信託行動銀行 Home Bank,4
8931,Josie Yu,5 顆星,2022年1月13日,good,中國信託行動銀行 Home Bank,4
29140,HUEI SHIH,5 顆星,2022年2月23日,good,DBS digibank TW 星展行動銀行,4
12726,康雅寧,5 顆星,2022年3月7日,轉匯方便,富邦行動銀行,4
8824,白崇熙,4 顆星,2022年1月27日,還不錯用,中國信託行動銀行 Home Bank,4
12830,游雅婷,5 顆星,2022年2月14日,很好用。,富邦行動銀行,4
16699,Shane Liu,5 顆星,2023年7月13日,還算穩定,永豐行動銀行,4
7256,江翠西,5 顆星,2022年5月12日,方便💯💯,中國信託行動銀行 Home Bank,4
3965,徐美蓮,4 顆星,2022年1月20日,方便快速,國泰世華網路銀行CUBE,4
10463,Kjay Kau,1 顆星,2023年7月15日,無法使用,富邦行動銀行,4
10642,劉興崇,1 顆星,2023年7月15日,沒法更新,富邦行動銀行,4
9158,boy520168,5 顆星,2021年12月28日,讚👍👍👍,中國信託行動銀行 Home Bank,4
17506,林芳渝,5 顆星,2022年1月6日,越來越好,永豐行動銀行,4
2915,Li Henry,5 顆星,2022年6月21日,速度快。,國泰世華網路銀行CUBE,4
25860,Grorge,5 顆星,2022年8月5日,方便迅速,Richart,4
1269,劉翠蓉,5 顆星,2023年4月9日,速度超快,國泰世華網路銀行CUBE,4
18149,潘奕雯,4 顆星,2024年1月5日,流暢好用,華南銀行+,4
4674,su linda,5 顆星,2023年12月19日,方便迅速,中國信託行動銀行 Home Bank,4
29101,廖元鴻,5 顆星,2022年3月3日,簡單好用,DBS digibank TW 星展行動銀行,4
7061,宋釗祿,5 顆星,2022年6月17日,好用方便,中國信託行動銀行 Home Bank,4
13000,Mei-Fang Chiu,5 顆星,2022年1月3日,便捷好用,富邦行動銀行,4
4020,吳靜明,5 顆星,2022年1月11日,簡單清楚,國泰世華網路銀行CUBE,4
1882,Shang Mo Chuang,5 顆星,2022年12月8日,nice,國泰世華網路銀行CUBE,4
15613,Tien1955田季龍,5 顆星,2022年5月17日,使用正常,第一銀行 第e行動,4
3777,王冠弼,5 顆星,2022年2月14日,順暢好用,國泰世華網路銀行CUBE,4
11666,Yu Chau Kan,5 顆星,2023年3月11日,讚！快速,富邦行動銀行,4
9398,傅祥恩,5 顆星,2024年1月31日,感恩的心,富邦行動銀行,4
8749,catherine chung,5 顆星,2022年2月13日,不錯用哦,中國信託行動銀行 Home Bank,4
1621,賴先生,5 顆星,2023年1月22日,好用方便,國泰世華網路銀行CUBE,4
18179,蔡源澤,5 顆星,2024年1月2日,good,華南銀行+,4
18549,林佳靜,5 顆星,2023年2月2日,不用了。,華南銀行+,4
27015,陳星瑞,5 顆星,2023年11月25日,服務親切,新光銀行,4
5019,Chang Chia yuan,5 顆星,2023年9月21日,good,中國信託行動銀行 Home Bank,4
24701,郭drumsets,5 顆星,2024年1月23日,非常好用,Richart,4
9709,Boris Lee,5 顆星,2023年11月1日,方便好用,富邦行動銀行,4
18156,許文俊,5 顆星,2024年1月4日,非常好用,華南銀行+,4
19518,阿泰,5 顆星,2023年11月16日,方便好用,玉山行動銀行,4
20006,司雨文,1 顆星,2023年7月1日,一直當機,玉山行動銀行,4
25675,葉俊陽,5 顆星,2022年12月5日,方便好用,Richart,4
29125,曾仔,5 顆星,2022年2月23日,界面清楚,DBS digibank TW 星展行動銀行,4
6094,法老王,5 顆星,2022年12月12日,非常實用,中國信託行動銀行 Home Bank,4
17592,Candy hung,1 顆星,2021年11月24日,無法使用,永豐行動銀行,4
10291,吳金玉,1 顆星,2023年7月15日,無法點開,富邦行動銀行,4
24863,Angie Ooi-安,5 顆星,2023年12月1日,還不錯用,Richart,4
19197,江錦珍,5 顆星,2024年2月27日,方便快速,玉山行動銀行,4
5172,詹爸詹爸,1 顆星,2023年8月10日,尚稱便利,中國信託行動銀行 Home Bank,4
27914,阮文和,5 顆星,2023年12月19日,好用按讚,LINE Bank,4
9464,LU ethan,5 顆星,2024年1月5日,good,富邦行動銀行,4
6509,康良賢,5 顆星,2022年9月21日,方便快速,中國信託行動銀行 Home Bank,4
12823,Wu SHU jing,5 顆星,2022年2月16日,Good,富邦行動銀行,4
18679,蔡羽蓁,5 顆星,2022年11月24日,操作方便,華南銀行+,4
1210,周世淳,5 顆星,2023年4月23日,方便簡單,國泰世華網路銀行CUBE,4
4700,牛奶,1 顆星,2023年12月12日,無話可說,中國信託行動銀行 Home Bank,4
9169,R4BT,5 顆星,2021年12月26日,簡潔方便,中國信託行動銀行 Home Bank,4
2698,蕭博文,5 顆星,2022年7月26日,繳費方便,國泰世華網路銀行CUBE,4
2644,julie chou,5 顆星,2022年8月2日,Goog,國泰世華網路銀行CUBE,4
2861,smile 205tw,5 顆星,2022年7月4日,👍🏻👍🏻,國泰世華網路銀行CUBE,4
6966,We Dean,5 顆星,2022年6月29日,很好操控,中國信託行動銀行 Home Bank,4
12819,Shirley Chen,4 顆星,2022年2月17日,方便使用,富邦行動銀行,4
10115,Arthur Hsiao,5 顆星,2023年7月23日,Good,富邦行動銀行,4
16023,林懋傑,1 顆星,2021年10月6日,無法安裝,第一銀行 第e行動,4
6133,許玉蘭,5 顆星,2022年12月5日,方便安全,中國信託行動銀行 Home Bank,4
29311,Wei-Yueh Chen,5 顆星,2023年10月22日,很方便。,將來銀行 NEXT BANK,4
5900,賀靖中,5 顆星,2023年2月6日,非常方便,中國信託行動銀行 Home Bank,4
9102,陳小宥,1 顆星,2022年1月7日,無法更新,中國信託行動銀行 Home Bank,4
10133,林安伯,5 顆星,2023年7月17日,Good,富邦行動銀行,4
13944,Oliven Liu (Oliven),5 顆星,2021年9月17日,很好使用,兆豐銀行,4
4785,李先生,5 顆星,2023年11月19日,使用方便,中國信託行動銀行 Home Bank,4
29302,詹鳳娥,5 顆星,2023年11月12日,Good,將來銀行 NEXT BANK,4
627,陳文郁,5 顆星,2023年11月3日,方便快速,國泰世華網路銀行CUBE,4
7323,尤仁意,5 顆星,2022年5月4日,方便好用,中國信託行動銀行 Home Bank,4
31203,許二,5 顆星,2022年5月20日,Good,臺灣銀行-網路銀行隨身版,4
17606,林唯恩,3 顆星,2021年11月24日,時常當機,永豐行動銀行,4
20129,peipei Lee,5 顆星,2023年6月5日,超極好用,玉山行動銀行,4
578,藍雲楓,5 顆星,2023年11月17日,美元加油,國泰世華網路銀行CUBE,4
8727,多鈞,5 顆星,2022年2月17日,非常方便,中國信託行動銀行 Home Bank,4
15710,李沛宸,1 顆星,2022年3月4日,Good,第一銀行 第e行動,4
25696,tzupei hsu,5 顆星,2022年11月22日,很好用！,Richart,4
7723,Ricky a,5 顆星,2022年3月31日,Good,中國信託行動銀行 Home Bank,4
